Date,Product_Name,Category,Forecast_Sales,Expected_Revenue,Expected_Cost,Expected_Gross_Margin,Expected_Margin_Percentage,Final_Model,Final_MAPE,Demand_Level,Margin_Band,Risk_Level,Inventory_Action,Priority_Score,Safety_Stock,Reorder_Point,Recommendation
2026-01-01,CNC Machine Parts,CNC,1635.76,4288929.99,2906153.22,1382776.77,32.24,ARIMAX,3.74,High,High Margin,Low Risk,Increase Production,1210.4,574.81,1832.62,Increase Production
2026-02-01,CNC Machine Parts,CNC,1635.95,4289432.14,2906493.47,1382938.67,32.24,ARIMAX,3.74,High,High Margin,Low Risk,Increase Production,1210.4,574.81,1832.62,Increase Production
2026-03-01,CNC Machine Parts,CNC,1637.13,4292540.63,2908599.77,1383940.87,32.24,ARIMAX,3.74,High,High Margin,Low Risk,Increase Production,1210.4,574.81,1832.62,Increase Production
2026-04-01,CNC Machine Parts,CNC,1586.27,4159170.44,2818228.93,1340941.51,32.24,ARIMAX,3.74,High,High Margin,Low Risk,Increase Production,1210.4,574.81,1832.62,Increase Production
2026-05-01,CNC Machine Parts,CNC,1587.42,4162183.73,2820270.71,1341913.02,32.24,ARIMAX,3.74,High,High Margin,Low Risk,Increase Production,1210.4,574.81,1832.62,Increase Production
2026-06-01,CNC Machine Parts,CNC,1640.58,4301576.59,2914722.48,1386854.11,32.24,ARIMAX,3.74,High,High Margin,Low Risk,Increase Production,1210.4,574.81,1832.62,Increase Production
2026-07-01,CNC Machine Parts,CNC,1649.37,4324620.92,2930337.18,1394283.74,32.24,ARIMAX,3.74,High,High Margin,Low Risk,Increase Production,1210.4,574.81,1832.62,Increase Production
2026-08-01,CNC Machine Parts,CNC,1650.52,4327634.07,2932378.87,1395255.2,32.24,ARIMAX,3.74,High,High Margin,Low Risk,Increase Production,1210.4,574.81,1832.62,Increase Production
2026-09-01,CNC Machine Parts,CNC,1651.67,4330647.22,2934420.56,1396226.66,32.24,ARIMAX,3.74,High,High Margin,Low Risk,Increase Production,1210.4,574.81,1832.62,Increase Production
2026-10-01,CNC Machine Parts,CNC,1693.26,4439705.49,3008317.79,1431387.7,32.24,ARIMAX,3.74,High,High Margin,Low Risk,Increase Production,1210.4,574.81,1832.62,Increase Production
2026-11-01,CNC Machine Parts,CNC,1694.41,4442718.64,3010359.49,1432359.16,32.24,ARIMAX,3.74,High,High Margin,Low Risk,Increase Production,1210.4,574.81,1832.62,Increase Production
2026-12-01,CNC Machine Parts,CNC,1647.48,4319655.49,2926972.63,1392682.86,32.24,ARIMAX,3.74,High,High Margin,Low Risk,Increase Production,1210.4,574.81,1832.62,Increase Production
2026-01-01,CNC Parts Assembly,CNC,1562.24,4601148.27,3118081.79,1483066.48,32.23,ARIMA,7.18,Moderate,High Margin,Moderate Risk,Maintain Production,1038.67,598.05,1913.3,Maintain Production
2026-02-01,CNC Parts Assembly,CNC,1566.46,4613573.06,3126501.76,1487071.3,32.23,ARIMA,7.18,Moderate,High Margin,Moderate Risk,Maintain Production,1038.67,598.05,1913.3,Maintain Production
2026-03-01,CNC Parts Assembly,CNC,1564.8,4608702.14,3123200.86,1485501.28,32.23,ARIMA,7.18,Moderate,High Margin,Moderate Risk,Maintain Production,1038.67,598.05,1913.3,Maintain Production
2026-04-01,CNC Parts Assembly,CNC,1565.45,4610611.7,3124494.92,1486116.78,32.23,ARIMA,7.18,Moderate,High Margin,Moderate Risk,Maintain Production,1038.67,598.05,1913.3,Maintain Production
2026-05-01,CNC Parts Assembly,CNC,1565.2,4609863.09,3123987.61,1485875.49,32.23,ARIMA,7.18,Moderate,High Margin,Moderate Risk,Maintain Production,1038.67,598.05,1913.3,Maintain Production
2026-06-01,CNC Parts Assembly,CNC,1565.3,4610156.57,3124186.49,1485970.08,32.23,ARIMA,7.18,Moderate,High Margin,Moderate Risk,Maintain Production,1038.67,598.05,1913.3,Maintain Production
2026-07-01,CNC Parts Assembly,CNC,1565.26,4610041.52,3124108.52,1485933.0,32.23,ARIMA,7.18,Moderate,High Margin,Moderate Risk,Maintain Production,1038.67,598.05,1913.3,Maintain Production
2026-08-01,CNC Parts Assembly,CNC,1565.27,4610086.62,3124139.09,1485947.53,32.23,ARIMA,7.18,Moderate,High Margin,Moderate Risk,Maintain Production,1038.67,598.05,1913.3,Maintain Production
2026-09-01,CNC Parts Assembly,CNC,1565.27,4610068.94,3124127.1,1485941.84,32.23,ARIMA,7.18,Moderate,High Margin,Moderate Risk,Maintain Production,1038.67,598.05,1913.3,Maintain Production
2026-10-01,CNC Parts Assembly,CNC,1565.27,4610075.87,3124131.8,1485944.07,32.23,ARIMA,7.18,Moderate,High Margin,Moderate Risk,Maintain Production,1038.67,598.05,1913.3,Maintain Production
2026-11-01,CNC Parts Assembly,CNC,1565.27,4610073.15,3124129.96,1485943.19,32.23,ARIMA,7.18,Moderate,High Margin,Moderate Risk,Maintain Production,1038.67,598.05,1913.3,Maintain Production
2026-12-01,CNC Parts Assembly,CNC,1565.27,4610074.22,3124130.68,1485943.54,32.23,ARIMA,7.18,Moderate,High Margin,Moderate Risk,Maintain Production,1038.67,598.05,1913.3,Maintain Production
2026-01-01,Front Bumper Tractor,Tractor,1292.94,2272967.14,1632654.11,640313.02,28.17,SARIMA,9.455,Low,High Margin,Moderate Risk,Controlled Inventory,896.99,595.68,1586.84,Controlled Inventory
2026-02-01,Front Bumper Tractor,Tractor,1197.75,2105611.65,1512444.0,593167.64,28.17,SARIMA,9.455,Low,High Margin,Moderate Risk,Controlled Inventory,896.99,595.68,1586.84,Controlled Inventory
2026-03-01,Front Bumper Tractor,Tractor,1424.82,2504797.8,1799176.23,705621.58,28.17,SARIMA,9.455,Low,High Margin,Moderate Risk,Controlled Inventory,896.99,595.68,1586.84,Controlled Inventory
2026-04-01,Front Bumper Tractor,Tractor,1602.53,2817211.11,2023580.2,793630.9,28.17,SARIMA,9.455,Low,High Margin,Moderate Risk,Controlled Inventory,896.99,595.68,1586.84,Controlled Inventory
2026-05-01,Front Bumper Tractor,Tractor,1548.19,2721675.25,1954957.56,766717.69,28.17,SARIMA,9.455,Low,High Margin,Moderate Risk,Controlled Inventory,896.99,595.68,1586.84,Controlled Inventory
2026-06-01,Front Bumper Tractor,Tractor,1103.94,1940706.1,1393993.67,546712.43,28.17,SARIMA,9.455,Low,High Margin,Moderate Risk,Controlled Inventory,896.99,595.68,1586.84,Controlled Inventory
2026-07-01,Front Bumper Tractor,Tractor,1036.77,1822625.89,1309177.6,513448.29,28.17,SARIMA,9.455,Low,High Margin,Moderate Risk,Controlled Inventory,896.99,595.68,1586.84,Controlled Inventory
2026-08-01,Front Bumper Tractor,Tractor,911.3,1602039.51,1150732.16,451307.34,28.17,SARIMA,9.455,Low,High Margin,Moderate Risk,Controlled Inventory,896.99,595.68,1586.84,Controlled Inventory
2026-09-01,Front Bumper Tractor,Tractor,973.5,1711382.17,1229272.12,482110.04,28.17,SARIMA,9.455,Low,High Margin,Moderate Risk,Controlled Inventory,896.99,595.68,1586.84,Controlled Inventory
2026-10-01,Front Bumper Tractor,Tractor,1241.96,2183341.77,1568276.93,615064.84,28.17,SARIMA,9.455,Low,High Margin,Moderate Risk,Controlled Inventory,896.99,595.68,1586.84,Controlled Inventory
2026-11-01,Front Bumper Tractor,Tractor,1334.39,2345825.94,1684988.01,660837.93,28.17,SARIMA,9.455,Low,High Margin,Moderate Risk,Controlled Inventory,896.99,595.68,1586.84,Controlled Inventory
2026-12-01,Front Bumper Tractor,Tractor,1078.39,1895783.91,1361726.42,534057.49,28.17,SARIMA,9.455,Low,High Margin,Moderate Risk,Controlled Inventory,896.99,595.68,1586.84,Controlled Inventory
2026-01-01,Linkage Pins,Tractor,1681.16,2697239.26,1937873.61,759365.64,28.15,SARIMA,5.111,Moderate,Moderate Margin,Moderate Risk,Maintain Production,1236.73,685.04,1863.94,Maintain Production
2026-02-01,Linkage Pins,Tractor,1647.93,2643936.88,1899577.69,744359.19,28.15,SARIMA,5.111,Moderate,Moderate Margin,Moderate Risk,Maintain Production,1236.73,685.04,1863.94,Maintain Production
2026-03-01,Linkage Pins,Tractor,1784.85,2863606.48,2057402.74,806203.74,28.15,SARIMA,5.111,Moderate,Moderate Margin,Moderate Risk,Maintain Production,1236.73,685.04,1863.94,Maintain Production
2026-04-01,Linkage Pins,Tractor,1928.47,3094032.19,2222955.69,871076.5,28.15,SARIMA,5.111,Moderate,Moderate Margin,Moderate Risk,Maintain Production,1236.73,685.04,1863.94,Maintain Production
2026-05-01,Linkage Pins,Tractor,1763.51,2829374.42,2032808.18,796566.24,28.15,SARIMA,5.111,Moderate,Moderate Margin,Moderate Risk,Maintain Production,1236.73,685.04,1863.94,Maintain Production
2026-06-01,Linkage Pins,Tractor,1485.2,2382843.78,1711991.28,670852.5,28.15,SARIMA,5.111,Moderate,Moderate Margin,Moderate Risk,Maintain Production,1236.73,685.04,1863.94,Maintain Production
2026-07-01,Linkage Pins,Tractor,1494.12,2397161.45,1722278.04,674883.42,28.15,SARIMA,5.111,Moderate,Moderate Margin,Moderate Risk,Maintain Production,1236.73,685.04,1863.94,Maintain Production
2026-08-01,Linkage Pins,Tractor,1265.64,2030591.76,1458910.32,571681.44,28.15,SARIMA,5.111,Moderate,Moderate Margin,Moderate Risk,Maintain Production,1236.73,685.04,1863.94,Maintain Production
2026-09-01,Linkage Pins,Tractor,1364.82,2189702.73,1573226.08,616476.65,28.15,SARIMA,5.111,Moderate,Moderate Margin,Moderate Risk,Maintain Production,1236.73,685.04,1863.94,Maintain Production
2026-10-01,Linkage Pins,Tractor,1620.46,2599864.75,1867913.38,731951.37,28.15,SARIMA,5.111,Moderate,Moderate Margin,Moderate Risk,Maintain Production,1236.73,685.04,1863.94,Maintain Production
2026-11-01,Linkage Pins,Tractor,1670.58,2680269.52,1925681.44,754588.08,28.15,SARIMA,5.111,Moderate,Moderate Margin,Moderate Risk,Maintain Production,1236.73,685.04,1863.94,Maintain Production
2026-12-01,Linkage Pins,Tractor,1628.55,2612837.86,1877234.12,735603.75,28.15,SARIMA,5.111,Moderate,Moderate Margin,Moderate Risk,Maintain Production,1236.73,685.04,1863.94,Maintain Production
2026-01-01,Tractor Front Axle Bracket,Tractor,2026.4,3550080.38,2551454.15,998626.23,28.13,SARIMA,3.289,High,High Margin,Low Risk,Increase Production,1482.58,870.44,2416.77,Increase Production
2026-02-01,Tractor Front Axle Bracket,Tractor,2208.91,3869814.16,2781247.85,1088566.31,28.13,SARIMA,3.289,High,High Margin,Low Risk,Increase Production,1482.58,870.44,2416.77,Increase Production
2026-03-01,Tractor Front Axle Bracket,Tractor,2255.15,3950834.74,2839477.6,1111357.14,28.13,SARIMA,3.289,High,High Margin,Low Risk,Increase Production,1482.58,870.44,2416.77,Increase Production
2026-04-01,Tractor Front Axle Bracket,Tractor,2413.91,4228959.17,3039366.52,1189592.65,28.13,SARIMA,3.289,High,High Margin,Low Risk,Increase Production,1482.58,870.44,2416.77,Increase Production
2026-05-01,Tractor Front Axle Bracket,Tractor,2252.97,3947012.14,2836730.28,1110281.86,28.13,SARIMA,3.289,High,High Margin,Low Risk,Increase Production,1482.58,870.44,2416.77,Increase Production
2026-06-01,Tractor Front Axle Bracket,Tractor,2055.12,3600395.76,2587615.98,1012779.78,28.13,SARIMA,3.289,High,High Margin,Low Risk,Increase Production,1482.58,870.44,2416.77,Increase Production
2026-07-01,Tractor Front Axle Bracket,Tractor,2009.15,3519859.55,2529734.35,990125.2,28.13,SARIMA,3.289,High,High Margin,Low Risk,Increase Production,1482.58,870.44,2416.77,Increase Production
2026-08-01,Tractor Front Axle Bracket,Tractor,1788.06,3132521.06,2251352.93,881168.13,28.13,SARIMA,3.289,High,High Margin,Low Risk,Increase Production,1482.58,870.44,2416.77,Increase Production
2026-09-01,Tractor Front Axle Bracket,Tractor,1696.16,2971528.5,2135647.06,835881.44,28.13,SARIMA,3.289,High,High Margin,Low Risk,Increase Production,1482.58,870.44,2416.77,Increase Production
2026-10-01,Tractor Front Axle Bracket,Tractor,2148.79,3764489.04,2705550.34,1058938.69,28.13,SARIMA,3.289,High,High Margin,Low Risk,Increase Production,1482.58,870.44,2416.77,Increase Production
2026-11-01,Tractor Front Axle Bracket,Tractor,2293.52,4018059.63,2887792.34,1130267.29,28.13,SARIMA,3.289,High,High Margin,Low Risk,Increase Production,1482.58,870.44,2416.77,Increase Production
2026-12-01,Tractor Front Axle Bracket,Tractor,2061.31,3611235.35,2595406.43,1015828.92,28.13,SARIMA,3.289,High,High Margin,Low Risk,Increase Production,1482.58,870.44,2416.77,Increase Production
2026-01-01,Tractor Linkage Balls,Tractor,1786.59,2818331.54,2024418.02,793913.52,28.17,SARIMAX,4.815,High,High Margin,Low Risk,Increase Production,1358.94,706.27,1802.79,Increase Production
2026-02-01,Tractor Linkage Balls,Tractor,1813.8,2861252.36,2055248.21,806004.16,28.17,SARIMAX,4.815,High,High Margin,Low Risk,Increase Production,1358.94,706.27,1802.79,Increase Production
2026-03-01,Tractor Linkage Balls,Tractor,1978.33,3120789.01,2241674.34,879114.67,28.17,SARIMAX,4.815,High,High Margin,Low Risk,Increase Production,1358.94,706.27,1802.79,Increase Production
2026-04-01,Tractor Linkage Balls,Tractor,2014.26,3177472.89,2282390.58,895082.3,28.17,SARIMAX,4.815,High,High Margin,Low Risk,Increase Production,1358.94,706.27,1802.79,Increase Production
2026-05-01,Tractor Linkage Balls,Tractor,1897.49,2993266.86,2150074.71,843192.15,28.17,SARIMAX,4.815,High,High Margin,Low Risk,Increase Production,1358.94,706.27,1802.79,Increase Production
2026-06-01,Tractor Linkage Balls,Tractor,1481.74,2337422.52,1678979.29,658443.24,28.17,SARIMAX,4.815,High,High Margin,Low Risk,Increase Production,1358.94,706.27,1802.79,Increase Production
2026-07-01,Tractor Linkage Balls,Tractor,1293.62,2040664.86,1465817.15,574847.71,28.17,SARIMAX,4.815,High,High Margin,Low Risk,Increase Production,1358.94,706.27,1802.79,Increase Production
2026-08-01,Tractor Linkage Balls,Tractor,1208.74,1906766.22,1369637.26,537128.96,28.17,SARIMAX,4.815,High,High Margin,Low Risk,Increase Production,1358.94,706.27,1802.79,Increase Production
2026-09-01,Tractor Linkage Balls,Tractor,1198.3,1890309.33,1357816.22,532493.11,28.17,SARIMAX,4.815,High,High Margin,Low Risk,Increase Production,1358.94,706.27,1802.79,Increase Production
2026-10-01,Tractor Linkage Balls,Tractor,1571.28,2478668.3,1780436.65,698231.65,28.17,SARIMAX,4.815,High,High Margin,Low Risk,Increase Production,1358.94,706.27,1802.79,Increase Production
2026-11-01,Tractor Linkage Balls,Tractor,1694.56,2673143.57,1920128.96,753014.61,28.17,SARIMAX,4.815,High,High Margin,Low Risk,Increase Production,1358.94,706.27,1802.79,Increase Production
2026-12-01,Tractor Linkage Balls,Tractor,1548.89,2443351.39,1755068.39,688283.01,28.17,SARIMAX,4.815,High,High Margin,Low Risk,Increase Production,1358.94,706.27,1802.79,Increase Production
2026-01-01,Tractor Linkage Ends,Tractor,1329.82,2747634.6,1972500.4,775134.2,28.21,SARIMA,10.093,Low,Moderate Margin,High Risk,Monitor Closely,981.31,638.03,1603.58,Monitor Closely
2026-02-01,Tractor Linkage Ends,Tractor,1153.05,2382394.79,1710298.26,672096.53,28.21,SARIMA,10.093,Low,Moderate Margin,High Risk,Monitor Closely,981.31,638.03,1603.58,Monitor Closely
2026-03-01,Tractor Linkage Ends,Tractor,1036.64,2141873.54,1537630.38,604243.17,28.21,SARIMA,10.093,Low,Moderate Margin,High Risk,Monitor Closely,981.31,638.03,1603.58,Monitor Closely
2026-04-01,Tractor Linkage Ends,Tractor,1833.24,3787775.5,2719207.53,1068567.97,28.21,SARIMA,10.093,Low,Moderate Margin,High Risk,Monitor Closely,981.31,638.03,1603.58,Monitor Closely
2026-05-01,Tractor Linkage Ends,Tractor,1465.72,3028414.39,2174069.51,854344.88,28.21,SARIMA,10.093,Low,Moderate Margin,High Risk,Monitor Closely,981.31,638.03,1603.58,Monitor Closely
2026-06-01,Tractor Linkage Ends,Tractor,1123.95,2322277.66,1667140.75,655136.91,28.21,SARIMA,10.093,Low,Moderate Margin,High Risk,Monitor Closely,981.31,638.03,1603.58,Monitor Closely
2026-07-01,Tractor Linkage Ends,Tractor,1030.17,2128492.84,1528024.5,600468.34,28.21,SARIMA,10.093,Low,Moderate Margin,High Risk,Monitor Closely,981.31,638.03,1603.58,Monitor Closely
2026-08-01,Tractor Linkage Ends,Tractor,1120.44,2315009.46,1661922.99,653086.48,28.21,SARIMA,10.093,Low,Moderate Margin,High Risk,Monitor Closely,981.31,638.03,1603.58,Monitor Closely
2026-09-01,Tractor Linkage Ends,Tractor,1222.6,2526090.53,1813456.05,712634.48,28.21,SARIMA,10.093,Low,Moderate Margin,High Risk,Monitor Closely,981.31,638.03,1603.58,Monitor Closely
2026-10-01,Tractor Linkage Ends,Tractor,1283.0,2650883.54,1903043.75,747839.79,28.21,SARIMA,10.093,Low,Moderate Margin,High Risk,Monitor Closely,981.31,638.03,1603.58,Monitor Closely
2026-11-01,Tractor Linkage Ends,Tractor,1426.6,2947590.43,2116046.77,831543.66,28.21,SARIMA,10.093,Low,Moderate Margin,High Risk,Monitor Closely,981.31,638.03,1603.58,Monitor Closely
2026-12-01,Tractor Linkage Ends,Tractor,1148.5,2372990.33,1703546.89,669443.44,28.21,SARIMA,10.093,Low,Moderate Margin,High Risk,Monitor Closely,981.31,638.03,1603.58,Monitor Closely
