Date,Product_Name,Category,Monthly_Sales,Unit_Price,Revenue,Rainfall_Index,Industrial_Index,Diesel_Price,Steel_Price,Govt_Subsidy_Flag,Festival_Flag,Estimated_Unit_Cost,Total_Cost,Gross_Margin,Margin_Percentage
2020-02-01,CNC Machine Parts,CNC,448,2212.24,991085.68,123.53,101.54,64.75,52.65,0,0,1426.496624971007,639070.4879870111,352015.19201298896,35.5181392604713
2020-03-01,CNC Machine Parts,CNC,437,2206.07,964051.73,131.16,104.54,63.64,51.41,0,0,1417.545904124768,619467.5601025237,344584.1698974763,35.743327787760556
2020-04-01,CNC Machine Parts,CNC,169,2209.57,373417.07,120.61,104.23,68.23,52.11,1,0,1427.139878405046,241186.63945045276,132230.43054954725,35.410922845478716
2020-05-01,CNC Machine Parts,CNC,155,3169.31,491243.54,102.74,110.07,65.77,47.66,1,0,2023.8914235350069,313703.17064792605,177540.36935207393,36.14100846029933
2020-06-01,CNC Machine Parts,CNC,513,3157.54,1619816.85,92.57,110.11,67.04,45.31,0,0,2008.4026751174433,1030310.5723352485,589506.2776647516,36.39339087408256
2020-07-01,CNC Machine Parts,CNC,760,3144.29,2389663.29,79.03,111.76,68.25,42.66,0,0,1990.660646680454,1512902.091477145,876761.1985228551,36.689737930520536
2020-08-01,CNC Machine Parts,CNC,717,2068.68,1483240.8,72.77,111.67,67.49,41.94,0,0,1306.8573646600053,937016.7304612237,546224.0695387763,36.826391880453684
2020-09-01,CNC Machine Parts,CNC,616,2044.08,1259154.99,68.64,112.38,68.32,37.02,0,0,1278.5758783008775,787602.7410333406,471552.2489666594,37.44989717005842
2020-10-01,CNC Machine Parts,CNC,837,2076.3,1737859.56,74.24,113.19,67.99,43.46,1,1,1316.4824868461653,1101895.8414902403,635963.7185097598,36.594655468578814
2020-11-01,CNC Machine Parts,CNC,1030,3193.08,3288876.06,91.37,114.71,66.85,46.02,1,1,2033.764481840775,2094777.4162959983,1194098.6437040018,36.307194978457225
2020-12-01,CNC Machine Parts,CNC,1103,3199.9,3529494.07,105.98,117.92,68.92,47.38,0,0,2047.430788445389,2258316.159655264,1271177.9103447357,36.01586757573829
2021-01-01,CNC Machine Parts,CNC,1090,3225.06,3515320.0,112.63,119.76,69.67,52.41,0,0,2086.7494902531184,2274556.944375899,1240763.0556241008,35.29587791791646
2021-02-01,CNC Machine Parts,CNC,1270,2313.39,2938008.86,125.43,121.33,68.64,54.48,0,0,1502.112017693009,1907682.2624701215,1030326.5975298784,35.06887305744471
2021-03-01,CNC Machine Parts,CNC,996,2307.47,2298238.48,130.23,123.25,67.44,53.29,0,0,1493.1160960075415,1487143.6316235114,811094.8483764885,35.2920228007186
2021-04-01,CNC Machine Parts,CNC,1123,2322.0,2607605.73,119.88,125.24,70.13,56.2,1,0,1514.9022095920557,1701235.1813718786,906370.5486281214,34.75872668174116
2021-05-01,CNC Machine Parts,CNC,1206,2669.23,3219095.35,114.91,128.19,68.35,54.25,1,0,1731.9311023566424,2088708.9094421107,1130386.4405578894,35.115034432201256
2021-06-01,CNC Machine Parts,CNC,1070,2642.39,2827352.43,97.55,125.61,69.29,48.88,0,0,1696.5860820448083,1815347.1077879448,1012005.3222120553,35.79339142421857
2021-07-01,CNC Machine Parts,CNC,1094,2623.75,2870385.52,85.31,132.08,72.39,45.15,0,0,1675.5756378421474,1833079.7477993092,1037305.7722006908,36.13820390930243
2021-08-01,CNC Machine Parts,CNC,1147,2498.94,2866281.72,68.48,131.78,74.8,47.59,0,0,1607.2446250103862,1843509.584886913,1022772.1351130872,35.68288936766088
2021-09-01,CNC Machine Parts,CNC,1120,2493.15,2792331.89,78.59,133.34,71.78,46.43,0,0,1595.706320826795,1787191.0793260105,1005140.8106739896,35.99646640407024
2021-10-01,CNC Machine Parts,CNC,1187,2483.13,2947479.6,75.38,136.77,70.47,44.43,1,1,1580.8837821733184,1876509.049439729,1070970.5505602711,36.3351302095618
2021-11-01,CNC Machine Parts,CNC,1151,2325.29,2676408.9,82.27,137.65,72.84,53.66,1,1,1512.3126407224447,1740671.849471534,935737.050528466,34.962409911597064
2021-12-01,CNC Machine Parts,CNC,1166,2328.17,2714648.72,98.03,139.66,73.68,54.23,0,0,1516.9952770062134,1768816.4929892449,945832.2270107553,34.84179076439604
2022-01-01,CNC Machine Parts,CNC,1112,2330.56,2591577.62,105.38,141.16,77.93,54.71,0,0,1525.1951914324482,1696017.0528728825,895560.5671271177,34.556578981690606
2022-02-01,CNC Machine Parts,CNC,1218,2785.61,3392869.94,135.66,145.43,73.68,62.52,0,0,1846.327650408747,2248827.078197854,1144042.8618021458,33.719030850977624
2022-03-01,CNC Machine Parts,CNC,1283,2794.95,3585925.08,119.0,139.86,76.03,64.39,0,0,1862.9964424031564,2390224.43560325,1195700.6443967503,33.344272892526526
2022-04-01,CNC Machine Parts,CNC,1235,2764.96,3414723.08,132.93,143.73,72.91,58.39,1,0,1816.074341804696,2242851.8121287995,1171871.2678712006,34.31819331807136
2022-05-01,CNC Machine Parts,CNC,1351,2493.6,3368854.55,118.61,146.01,77.81,59.72,1,0,1648.6570891548101,2227335.7274481487,1141518.8225518512,33.88447929732826
2022-06-01,CNC Machine Parts,CNC,1150,2488.09,2861306.56,102.45,154.74,75.01,58.62,0,0,1637.7011762571904,1883356.352695769,977950.2073042311,34.17844913843245
2022-07-01,CNC Machine Parts,CNC,1328,2466.13,3275022.22,85.9,152.64,74.22,54.23,0,0,1607.577046561978,2134862.317834307,1140159.9021656932,34.81380661184318
2022-08-01,CNC Machine Parts,CNC,1257,3093.11,3888043.9,70.54,156.89,73.81,56.02,0,0,2023.122922165299,2543065.513161781,1344978.3868382191,34.59267491393858
2022-09-01,CNC Machine Parts,CNC,1237,3053.82,3777577.39,71.95,158.18,75.65,48.16,0,0,1967.828154192903,2434203.426736621,1343373.963263379,35.56178536062709
2022-10-01,CNC Machine Parts,CNC,1292,3073.23,3970610.77,70.24,154.3,77.15,52.05,1,1,1998.9115212033303,2582593.6853947025,1388017.0846052975,34.95726891924231
2022-11-01,CNC Machine Parts,CNC,1155,2558.8,2955412.18,81.06,157.99,78.28,55.76,1,1,1678.6650115527443,1938858.0883434196,1016554.0916565806,34.396355897016726
2022-12-01,CNC Machine Parts,CNC,1329,2564.45,3408158.4,101.29,156.24,78.7,56.89,0,0,1686.853479525519,2241828.2742894148,1166330.1257105852,34.22171122417858
2023-01-01,CNC Machine Parts,CNC,1314,2577.1,3386304.61,115.04,166.01,80.53,59.42,0,0,1706.4454849956699,2242269.36728431,1144035.2427156898,33.784179938723526
2023-02-01,CNC Machine Parts,CNC,1430,2238.41,3200932.72,126.93,161.48,78.77,66.28,0,0,1500.934494076637,2146336.326529591,1054596.3934704093,32.94653420489292
2023-03-01,CNC Machine Parts,CNC,1447,2251.57,3258023.22,132.62,161.39,76.91,68.91,0,0,1515.6098099144992,2193087.3949462804,1064935.8250537198,32.68656338961635
2023-04-01,CNC Machine Parts,CNC,1476,2241.05,3307788.23,130.04,166.43,75.99,66.81,1,0,1501.0878725389387,2215605.6998674734,1092182.5301325265,33.018514311979594
2023-05-01,CNC Machine Parts,CNC,1426,3022.38,4309910.59,119.42,170.83,77.2,68.48,1,0,2033.1625303541703,2899289.768285047,1410620.821714953,32.72970035591744
2023-06-01,CNC Machine Parts,CNC,1441,2987.08,4304377.23,99.13,172.55,77.42,61.42,0,0,1981.1976865019633,2854905.866249329,1449471.3637506715,33.67435720197487
2023-07-01,CNC Machine Parts,CNC,1387,2976.6,4128550.02,75.6,170.23,79.63,59.32,0,0,1969.1873405940812,2731262.8414039905,1397287.1785960095,33.844501624713494
2023-08-01,CNC Machine Parts,CNC,1279,2012.87,2574466.69,74.57,176.98,81.06,55.77,0,0,1323.4394296704402,1692679.030548493,881787.659451507,34.25127475436503
2023-09-01,CNC Machine Parts,CNC,1333,2025.58,2700104.6,70.96,177.61,78.47,58.32,0,0,1336.0749546098439,1780987.914494922,919116.6855050782,34.0400399860464
2023-10-01,CNC Machine Parts,CNC,1330,2025.1,2693380.99,72.6,177.89,80.61,58.22,1,1,1337.7276521411482,1779177.777347727,914203.2126522732,33.94258799800444
2023-11-01,CNC Machine Parts,CNC,1280,2688.91,3441799.01,70.84,181.05,78.59,59.58,1,1,1778.3633500457372,2276305.0880585434,1165493.9219414564,33.86292803720274
2023-12-01,CNC Machine Parts,CNC,1522,2686.35,4088629.05,92.92,181.94,81.59,59.07,0,0,1778.987062863611,2707618.3096784162,1381010.7403215836,33.77686562985174
2024-01-01,CNC Machine Parts,CNC,1557,2731.3,4252627.78,110.84,188.85,82.04,68.06,0,0,1842.6424952159646,2868994.365051257,1383633.4149487433,32.53596332733224
2024-02-01,CNC Machine Parts,CNC,1471,2175.7,3200458.3,128.85,188.42,81.55,70.14,0,0,1473.3893723330282,2167355.7667018846,1033102.5332981152,32.27983108850739
2024-03-01,CNC Machine Parts,CNC,1511,2184.38,3300604.1,124.05,193.13,80.8,71.88,0,0,1483.56646773545,2241668.932748265,1058935.167251735,32.08307131569445
2024-04-01,CNC Machine Parts,CNC,1460,2176.39,3177529.33,129.0,188.37,82.26,70.28,1,0,1475.069225927314,2153601.0698538786,1023928.2601461215,32.22403804361175
2024-05-01,CNC Machine Parts,CNC,1334,1848.06,2465307.38,118.7,190.26,82.51,66.41,1,0,1243.094295282953,1658287.7899074594,807019.5900925405,32.73504945628892
2024-06-01,CNC Machine Parts,CNC,1509,1851.17,2793415.99,99.04,192.84,83.87,67.03,0,0,1248.0438404965298,1883298.1553092634,910117.8346907368,32.58081996912808
2024-07-01,CNC Machine Parts,CNC,1393,1847.65,2573778.85,84.45,193.93,83.15,66.33,0,0,1243.2305146273852,1731820.1068759477,841958.7431240524,32.71294047365617
2024-08-01,CNC Machine Parts,CNC,1344,3235.77,4348877.81,70.42,194.91,84.1,58.35,0,0,2143.880232948574,2881375.0330828833,1467502.7769171163,33.744401223292044
2024-09-01,CNC Machine Parts,CNC,1505,3251.56,4893591.38,74.9,196.77,81.01,61.51,0,0,2163.054957194785,3255397.7105781515,1638193.6694218484,33.47630691269218
2024-10-01,CNC Machine Parts,CNC,1396,3232.28,4512268.85,67.26,202.81,85.62,57.66,1,1,2141.0911269575904,2988963.213232796,1523305.6367672035,33.75919492844943
2024-11-01,CNC Machine Parts,CNC,1613,2286.03,3687366.34,83.02,202.06,83.84,63.21,1,1,1529.3616053572189,2466860.269441194,1220506.070558806,33.09966946649532
2024-12-01,CNC Machine Parts,CNC,1573,2332.26,3668651.83,99.46,206.95,87.96,72.45,0,0,1594.4474728152873,2508065.874738447,1160585.9552615532,31.635216669267663
2025-01-01,CNC Machine Parts,CNC,1649,2334.3,3849255.75,119.2,212.14,84.64,72.86,0,0,1593.1261004263288,2627064.9396030162,1222190.8103969838,31.751353762269076
2025-02-01,CNC Machine Parts,CNC,1653,2962.19,4896507.65,133.22,204.59,84.59,74.24,0,0,2027.1110703154475,3350814.5992314345,1545693.0507685659,31.567254893772418
2025-03-01,CNC Machine Parts,CNC,1633,2955.42,4826207.75,137.9,206.75,85.13,72.88,0,0,2017.8612967828824,3295167.497646447,1531040.2523535532,31.723463465772962
2025-04-01,CNC Machine Parts,CNC,1662,2962.78,4924144.16,128.31,214.56,86.59,74.36,1,0,2031.0639313712336,3375628.25393899,1548515.90606101,31.447412093252158
2025-05-01,CNC Machine Parts,CNC,1777,2319.85,4122368.84,110.82,219.67,84.64,73.57,1,0,1585.4946950695698,2817424.073138626,1304944.766861374,31.655216151434285
2025-06-01,CNC Machine Parts,CNC,1713,2307.82,3953291.12,100.03,217.16,87.68,71.16,0,0,1573.372955058514,2695187.8720152345,1258103.2479847656,31.824199377069036
2025-07-01,CNC Machine Parts,CNC,1638,2293.82,3757274.52,84.15,213.06,89.38,68.36,0,0,1557.1494246776085,2550610.7576219225,1206663.7623780775,32.11540056375964
2025-08-01,CNC Machine Parts,CNC,1567,2693.12,4220120.59,73.8,216.28,88.7,66.22,0,0,1819.4596814714612,2851093.3208657796,1369027.2691342202,32.440477468304294
2025-09-01,CNC Machine Parts,CNC,1508,2674.83,4033638.17,70.24,221.6,87.81,62.57,0,0,1792.6492806999827,2703315.115295574,1330323.0547044259,32.98072357105907
2025-10-01,CNC Machine Parts,CNC,1535,2702.51,4148347.2,74.8,222.89,88.86,68.1,1,1,1832.9077384724615,2813513.3785552285,1334833.8214447717,32.177485564486304
2025-11-01,CNC Machine Parts,CNC,1549,2667.57,4132060.91,85.13,225.92,89.02,67.11,1,1,1805.8552159011047,2797269.729430811,1334791.1805691891,32.30327939597553
2025-12-01,CNC Machine Parts,CNC,1738,2700.06,4692704.53,104.15,230.46,89.17,73.61,0,0,1851.8264480649989,3218474.366736968,1474230.1632630322,31.415363013767927
2020-02-01,CNC Parts Assembly,CNC,433,2059.29,891671.19,129.07,99.38,65.94,47.66,0,0,1315.2243733153725,569492.1536455563,322179.03635444364,36.132045082049096
2020-03-01,CNC Parts Assembly,CNC,438,2069.55,906464.14,124.58,105.96,65.45,49.71,0,0,1326.9975733206843,581224.9371144597,325239.2028855403,35.879985598276434
2020-04-01,CNC Parts Assembly,CNC,141,2082.13,293580.48,130.4,102.95,65.69,52.23,1,0,1342.428079469774,189282.35920523814,104298.12079476184,35.52624506737023
2020-05-01,CNC Parts Assembly,CNC,165,2768.95,456877.25,125.0,103.21,66.41,45.79,1,0,1762.1307178469,290751.5684447385,166125.6815552615,36.36111921862196
2020-06-01,CNC Parts Assembly,CNC,457,2781.93,1271340.17,96.58,109.57,63.44,48.39,0,0,1775.9087047380067,811590.2780652691,459749.8919347308,36.16261821843723
2020-07-01,CNC Parts Assembly,CNC,783,2755.93,2157892.91,88.65,109.04,65.32,43.19,0,0,1742.5863014848633,1364445.074062648,793447.8359373522,36.769564989087065
2020-08-01,CNC Parts Assembly,CNC,817,2097.38,1713556.86,74.55,112.55,70.06,39.08,0,0,1319.6554359841748,1078158.4911990708,635398.3688009293,37.08067024988767
2020-09-01,CNC Parts Assembly,CNC,708,2125.2,1504643.42,70.52,111.95,65.78,44.64,0,0,1348.4521800333703,954704.1434636262,549939.2765363738,36.549475392407174
2020-10-01,CNC Parts Assembly,CNC,1041,2106.72,2193094.57,66.93,115.04,66.51,40.94,1,1,1326.9667899689423,1381372.428357669,811722.1416423309,37.012637427775445
2020-11-01,CNC Parts Assembly,CNC,1078,2440.77,2631151.78,85.43,112.06,70.23,46.95,1,1,1561.9414428589112,1683772.8754019062,947378.9045980936,36.00624303771991
2020-12-01,CNC Parts Assembly,CNC,1113,2464.1,2742547.58,96.74,121.64,68.59,51.62,0,0,1590.3624919266497,1770073.453514361,972474.126485639,35.45878779195652
2021-01-01,CNC Parts Assembly,CNC,1047,2477.53,2593974.16,114.76,120.91,68.58,54.31,0,0,1608.0427756041813,1683620.786057578,910353.3739424222,35.09492839136155
2021-02-01,CNC Parts Assembly,CNC,1180,2877.46,3395399.9,138.09,124.17,68.94,53.89,0,0,1866.51731917298,2202490.4366241163,1192909.4633758836,35.133106512015964
2021-03-01,CNC Parts Assembly,CNC,1312,2901.17,3806339.94,133.23,120.31,68.43,58.63,0,0,1899.7537528611747,2492476.9237538613,1313863.0162461386,34.51775293212877
2021-04-01,CNC Parts Assembly,CNC,1321,2875.0,3797872.26,124.72,128.6,68.31,53.4,1,0,1862.0761736463028,2459802.625386766,1338069.6346132336,35.232086363358455
2021-05-01,CNC Parts Assembly,CNC,1115,2536.6,2828306.01,117.9,125.62,68.55,56.92,1,0,1655.308395399765,1845668.860870738,982637.1491292617,34.74295729157192
2021-06-01,CNC Parts Assembly,CNC,1261,2491.51,3141791.34,93.55,123.4,70.8,47.9,0,0,1598.3524357615727,2015522.421495343,1126268.9185046568,35.84798596155838
2021-07-01,CNC Parts Assembly,CNC,1209,2497.45,3019412.15,78.02,123.88,70.51,49.09,0,0,1605.8127820677396,1941427.6535198973,1077984.4964801027,35.70180031500843
2021-08-01,CNC Parts Assembly,CNC,1073,2863.62,3072664.93,74.88,129.22,72.37,48.92,0,0,1843.3512896955056,1977915.9338432774,1094748.9961567228,35.628648781978406
2021-09-01,CNC Parts Assembly,CNC,1127,2848.32,3210054.1,69.09,132.95,73.06,45.86,0,0,1822.7168120693445,2054201.8472021513,1155852.2527978488,36.00725149142654
2021-10-01,CNC Parts Assembly,CNC,1131,2853.53,3227344.19,69.31,137.36,72.47,46.91,1,1,1829.2367416203476,2068866.754772613,1158477.435227387,35.89568905656099
2021-11-01,CNC Parts Assembly,CNC,974,2627.91,2559588.27,94.38,132.16,73.09,52.98,1,1,1707.0495732050633,1662666.2843017317,896921.9856982683,35.04165088622899
2021-12-01,CNC Parts Assembly,CNC,1320,2636.55,3480243.3,96.44,143.93,72.61,54.71,0,0,1718.183683540576,2268002.4622735605,1212240.8377264393,34.832071588973086
2022-01-01,CNC Parts Assembly,CNC,1312,2667.19,3499356.21,109.99,141.98,75.03,60.84,0,0,1763.6338153964195,2313887.5658001024,1185468.6441998975,33.87676398339275
2022-02-01,CNC Parts Assembly,CNC,1277,3293.85,4206244.33,124.79,144.01,73.77,62.57,0,0,2183.570243723164,2788419.2012344804,1417825.1287655197,33.707626507885706
2022-03-01,CNC Parts Assembly,CNC,1441,3271.11,4713667.35,128.6,146.74,75.27,58.02,0,0,2150.880066774658,3099418.1762222825,1614249.1737777172,34.246141144807716
2022-04-01,CNC Parts Assembly,CNC,1371,3279.28,4495888.32,126.01,150.86,73.79,59.66,1,0,2161.0225719749833,2962761.946177702,1533126.3738222984,34.10063294949236
2022-05-01,CNC Parts Assembly,CNC,1317,1920.73,2529603.05,115.51,146.61,73.71,56.35,1,0,1257.0585297165946,1655546.0836367551,874056.9663632447,34.553127470463984
2022-06-01,CNC Parts Assembly,CNC,1281,1935.34,2479167.05,92.39,153.74,73.86,59.27,0,0,1274.4235164482243,1632536.5245701752,846630.5254298246,34.149797426108286
2022-07-01,CNC Parts Assembly,CNC,1248,1905.44,2377990.39,76.46,148.85,77.0,53.29,0,0,1242.4011581996865,1550516.6454332087,827473.7445667915,34.797186231134916
2022-08-01,CNC Parts Assembly,CNC,1244,2532.5,3150435.26,74.82,155.51,77.18,54.7,0,0,1656.3337811639842,2060479.2237679963,1089956.0362320035,34.596998391644576
2022-09-01,CNC Parts Assembly,CNC,1271,2519.88,3202769.64,63.37,155.72,75.45,52.18,0,0,1637.2236987382485,2080911.321096314,1121858.3189036862,35.02775550550324
2022-10-01,CNC Parts Assembly,CNC,1233,2525.76,3114267.07,67.33,158.32,74.18,53.35,1,1,1643.3853279099324,2026294.1093129467,1087972.9606870532,34.93512072768547
2022-11-01,CNC Parts Assembly,CNC,1421,2368.43,3365535.48,85.18,160.57,80.23,56.69,1,1,1559.149217364797,2215551.0378753766,1149984.4421246233,34.169434521148574
2022-12-01,CNC Parts Assembly,CNC,1497,2381.45,3565029.11,95.91,162.51,75.12,59.29,0,0,1569.8053544978504,2349998.6156832823,1215030.4943167176,34.0819235082408
2023-01-01,CNC Parts Assembly,CNC,1470,2415.46,3550723.51,111.86,160.34,77.11,66.09,0,0,1616.9556079135687,2376924.7436329457,1173798.766367054,33.05801657215079
2023-02-01,CNC Parts Assembly,CNC,1518,3310.35,5025105.76,121.46,169.17,75.12,68.87,0,0,2225.064387891721,3377647.740819632,1647458.0191803677,32.78454420390881
2023-03-01,CNC Parts Assembly,CNC,1497,3292.85,4929397.79,138.82,168.57,75.65,65.37,0,0,2198.5979425694813,3291301.1200265135,1638096.6699734866,33.23117223967203
2023-04-01,CNC Parts Assembly,CNC,1478,3309.93,4892083.41,134.3,170.57,77.0,68.79,1,0,2227.644947710381,3292459.2327159434,1599624.1772840568,32.69821961772432
2023-05-01,CNC Parts Assembly,CNC,1491,3076.9,4587661.34,113.72,169.22,76.21,63.38,1,0,2047.0107705253897,3052093.058853356,1535568.2811466437,33.471700880750795
2023-06-01,CNC Parts Assembly,CNC,1549,3053.82,4730372.29,107.12,174.09,79.97,58.76,0,0,2018.4943233047127,3126647.706799,1603724.583201,33.90271388557031
2023-07-01,CNC Parts Assembly,CNC,1420,3054.61,4337544.62,84.93,175.98,78.87,58.92,0,0,2017.9388500399084,2865473.16705667,1472071.4529433302,33.937897633507916
2023-08-01,CNC Parts Assembly,CNC,1313,1826.42,2398085.57,59.92,177.35,82.65,57.68,0,0,1207.078153658416,1584893.6157535003,813191.9542464996,33.91004743198132
2023-09-01,CNC Parts Assembly,CNC,1332,1811.16,2412468.24,73.25,178.28,79.7,54.63,0,0,1186.746122477015,1580745.835139384,831722.4048606162,34.475993966271496
2023-10-01,CNC Parts Assembly,CNC,1445,1817.86,2626810.07,69.44,176.7,80.3,55.97,1,1,1194.9996613654798,1726774.5106731183,900035.5593268815,34.26344255360958
2023-11-01,CNC Parts Assembly,CNC,1466,3271.0,4795281.38,92.44,179.26,81.11,61.0,1,1,2173.8973770629777,3186933.5547743253,1608347.8252256745,33.54021793035374
2023-12-01,CNC Parts Assembly,CNC,1552,3258.11,5056593.51,104.58,180.72,81.6,58.42,0,0,2154.773817451811,3344208.9646852105,1712384.5453147893,33.86438996783804
2024-01-01,CNC Parts Assembly,CNC,1602,3294.04,5277045.75,111.24,180.47,80.94,65.61,0,0,2209.48418993123,3539593.6722698305,1737452.0777301695,32.924711288132556
2024-02-01,CNC Parts Assembly,CNC,1568,3130.92,4909289.52,123.88,190.49,82.3,71.18,0,0,2125.8918682698554,3333398.449447133,1575891.0705528664,32.10018606832678
2024-03-01,CNC Parts Assembly,CNC,1397,3128.03,4369853.51,136.36,189.35,81.43,70.61,0,0,2120.1061832800538,2961788.338042235,1408065.1719577648,32.22225112891176
2024-04-01,CNC Parts Assembly,CNC,1533,3112.84,4771987.01,128.31,194.03,83.09,67.57,1,0,2099.67091298383,3218795.5096042114,1553191.5003957883,32.54810830668603
2024-05-01,CNC Parts Assembly,CNC,1557,2902.71,4519524.01,102.85,194.74,81.34,68.34,1,0,1958.3311697800225,3049121.631347495,1470402.3786525046,32.534452198927575
2024-06-01,CNC Parts Assembly,CNC,1519,2899.58,4404458.83,100.21,190.59,84.48,67.72,0,0,1958.498436994784,2974959.125795077,1429499.704204923,32.45573995307212
2024-07-01,CNC Parts Assembly,CNC,1534,2860.77,4388422.29,91.34,195.09,84.72,59.95,0,0,1902.5383319095072,2918493.801149184,1469928.4888508162,33.495602558586405
2024-08-01,CNC Parts Assembly,CNC,1532,3220.28,4933463.19,72.66,197.67,84.07,61.66,0,0,2148.001921611769,3290738.94390923,1642724.2460907702,33.29758797877582
2024-09-01,CNC Parts Assembly,CNC,1485,3224.08,4787753.4,67.17,195.56,82.2,62.42,0,0,2150.733627708194,3193839.4371466683,1593913.962853332,33.29147994241583
2024-10-01,CNC Parts Assembly,CNC,1532,3223.16,4937885.04,79.34,194.38,82.5,62.23,1,1,2149.791176257725,3293480.0820268346,1644404.9579731654,33.301807244446614
2024-11-01,CNC Parts Assembly,CNC,1656,2545.11,4214695.51,89.23,203.12,85.2,64.02,1,1,1707.2706648207327,2827240.2209431333,1387455.2890568664,32.919466798133335
2024-12-01,CNC Parts Assembly,CNC,1573,2559.61,4026268.71,98.16,198.89,87.69,66.92,0,0,1730.348953986276,2721838.9046204123,1304429.8053795877,32.397981837123524
2025-01-01,CNC Parts Assembly,CNC,1720,2583.98,4444453.56,102.95,210.98,84.95,71.8,0,0,1760.2345853058232,3027603.486726016,1416850.0732739838,31.879061264709986
2025-02-01,CNC Parts Assembly,CNC,1787,2374.49,4243214.75,122.6,210.89,82.91,75.3,0,0,1626.2745333535074,2906152.591102718,1337062.158897282,31.510593681295106
2025-03-01,CNC Parts Assembly,CNC,1672,2372.83,3967371.47,127.1,207.67,84.46,74.97,0,0,1625.9812440293103,2718640.640017007,1248730.8299829932,31.475016630670915
2025-04-01,CNC Parts Assembly,CNC,1767,2367.33,4183077.45,138.11,212.9,84.63,73.87,1,0,1618.8942655308435,2860586.1671930007,1322491.2828069995,31.615271259369095
2025-05-01,CNC Parts Assembly,CNC,1697,2058.71,3493630.28,125.44,208.64,84.23,76.94,1,0,1415.9776668152704,2402914.1005855137,1090716.179414486,31.22013756459903
2025-06-01,CNC Parts Assembly,CNC,1625,2007.42,3262050.32,96.21,217.14,88.2,66.68,0,0,1356.934744338849,2205018.95955063,1057031.36044937,32.40389499722279
2025-07-01,CNC Parts Assembly,CNC,1616,2021.58,3266867.83,85.28,217.4,88.2,69.52,0,0,1374.2812432550693,2220838.4891001917,1046029.3408998083,32.01933458384842
2025-08-01,CNC Parts Assembly,CNC,1650,3168.34,5227766.37,75.79,218.67,86.57,66.27,0,0,2137.2369862938635,3526441.027384875,1701325.3426151252,32.54402018380797
2025-09-01,CNC Parts Assembly,CNC,1538,3165.54,4868605.13,75.54,212.55,88.84,65.71,0,0,2136.6676535072097,3286194.8510940885,1582410.2789059114,32.50233355659122
2025-10-01,CNC Parts Assembly,CNC,1704,3180.4,5419404.34,84.16,225.28,87.16,68.68,1,1,2156.723313632725,3675056.5264301635,1744347.8135698363,32.18707636732336
2025-11-01,CNC Parts Assembly,CNC,1644,3049.14,5012789.19,85.66,225.28,89.66,65.43,1,1,2058.2385188005433,3383744.124908093,1629045.0650919075,32.497777252266765
2025-12-01,CNC Parts Assembly,CNC,1787,3086.36,5515333.82,93.4,225.39,88.3,72.87,0,0,2112.2859415337475,3774654.9775208067,1740678.8424791936,31.560715983628228
2020-02-01,Front Bumper Tractor,Tractor,359,1777.33,638059.72,127.71,93.64,65.44,48.07,0,0,1206.762528222027,433227.7476317077,204831.97236829228,32.10231988446039
2020-03-01,Front Bumper Tractor,Tractor,358,1783.47,638480.77,135.54,98.68,66.27,49.29,0,0,1214.6443062061835,434842.6616218137,203638.1083781863,31.894164702593358
2020-04-01,Front Bumper Tractor,Tractor,173,1800.68,311517.89,135.55,103.03,66.03,52.74,1,0,1234.5543881589847,213577.90915150434,97939.98084849567,31.439600739622264
2020-05-01,Front Bumper Tractor,Tractor,153,1732.42,265060.84,115.75,106.49,69.66,49.08,1,0,1182.424065511677,180910.8820232866,84149.95797671343,31.74741239660805
2020-06-01,Front Bumper Tractor,Tractor,336,1721.81,578526.97,105.25,107.79,66.01,46.96,0,0,1166.985743607555,392107.2098521385,186419.7601478615,32.22317537726227
2020-07-01,Front Bumper Tractor,Tractor,319,1702.6,543129.38,89.2,114.45,65.26,43.12,0,0,1144.4509635143022,365079.85736106243,178049.52263893757,32.78215636924992
2020-08-01,Front Bumper Tractor,Tractor,313,1713.98,536474.44,78.67,109.8,67.41,41.0,0,0,1149.0873835847785,359664.35106203565,176810.0889379643,32.957784333204074
2020-09-01,Front Bumper Tractor,Tractor,333,1723.7,573991.93,61.58,109.8,69.02,42.94,0,0,1161.5690095704751,386802.4801869682,187189.44981303182,32.61186090421721
2020-10-01,Front Bumper Tractor,Tractor,738,1725.22,1273215.49,77.2,118.27,67.41,43.24,1,1,1161.8562471635757,857449.9104067188,415765.57959328115,32.65476919333436
2020-11-01,Front Bumper Tractor,Tractor,807,1639.53,1323097.17,78.61,111.27,66.82,48.71,1,1,1115.7920679117365,900444.1988047713,422652.97119522863,31.94421247195538
2020-12-01,Front Bumper Tractor,Tractor,764,1629.12,1244643.96,98.48,117.09,68.45,46.62,0,0,1105.4713055259213,844580.0774218038,400063.8825781961,32.14283726393499
2021-01-01,Front Bumper Tractor,Tractor,764,1658.33,1266964.33,121.35,121.89,73.56,52.47,0,0,1142.8168238253415,873112.053402561,393852.2765974391,31.086295586351593
2021-02-01,Front Bumper Tractor,Tractor,1028,1554.22,1597742.87,126.84,114.35,68.4,58.24,0,0,1079.0633031089844,1109277.075596036,488465.7944039642,30.572240601140294
2021-03-01,Front Bumper Tractor,Tractor,998,1543.37,1540287.32,133.79,124.24,69.71,56.07,0,0,1068.0416508781705,1065905.5675764142,474381.75242358586,30.798263821556738
2021-04-01,Front Bumper Tractor,Tractor,1142,1532.09,1749652.32,124.58,120.12,69.75,53.82,1,0,1055.599162863868,1205494.2439905372,544158.0760094628,31.100926154829594
2021-05-01,Front Bumper Tractor,Tractor,1054,1797.29,1894348.92,115.9,131.18,71.63,50.86,1,0,1232.8649609329686,1299439.668823349,594909.2511766509,31.404417892383357
2021-06-01,Front Bumper Tractor,Tractor,831,1794.6,1491309.92,104.7,129.07,72.57,50.32,0,0,1230.5807050488309,1022612.5658955785,468697.35410442145,31.428568121133498
2021-07-01,Front Bumper Tractor,Tractor,646,1785.5,1153430.79,89.74,128.61,69.72,48.5,0,0,1217.3056722091471,786379.464247109,367051.325752891,31.82257045114003
2021-08-01,Front Bumper Tractor,Tractor,610,1185.48,723142.63,79.78,129.39,71.4,52.1,0,0,815.038692444093,497173.60239089676,225969.02760910324,31.248196169696595
2021-09-01,Front Bumper Tractor,Tractor,525,1154.99,606370.25,72.5,130.31,73.37,46.0,0,0,785.7131946331045,412499.4271823799,193870.82281762012,31.972350691284756
2021-10-01,Front Bumper Tractor,Tractor,883,1172.05,1034918.61,77.78,138.24,70.95,49.41,1,1,801.2627081778016,707514.9713209989,327403.63867900113,31.635689562003442
2021-11-01,Front Bumper Tractor,Tractor,1188,1830.18,2174253.63,94.1,135.32,72.71,48.84,1,1,1251.4429189493637,1486714.1877118442,687539.4422881557,31.621860154749086
2021-12-01,Front Bumper Tractor,Tractor,717,1879.68,1347730.93,93.81,141.11,72.16,58.74,0,0,1309.9551641776113,939237.8527153473,408493.0772846526,30.30969076925857
2022-01-01,Front Bumper Tractor,Tractor,910,1865.57,1697668.72,112.26,138.59,72.0,55.91,0,0,1292.817691202914,1176464.0989946516,521204.6210053484,30.70119716910072
2022-02-01,Front Bumper Tractor,Tractor,1065,1456.63,1551313.62,129.74,141.56,73.65,58.93,0,0,1016.6286177390417,1082709.4778920794,468604.1421079207,30.20692502576756
2022-03-01,Front Bumper Tractor,Tractor,1184,1461.46,1730373.52,125.98,149.92,76.27,59.89,0,0,1023.8818603813988,1212276.1226915761,518097.3973084239,29.941361868992534
2022-04-01,Front Bumper Tractor,Tractor,1267,1459.16,1848760.73,134.12,145.66,73.79,59.43,1,0,1019.4881467071984,1291691.4818780203,557069.2481219796,30.132035967790145
2022-05-01,Front Bumper Tractor,Tractor,1251,1415.3,1770540.63,111.75,144.93,74.5,57.26,1,0,985.2051356973525,1232491.624757388,538049.005242612,30.38896685712386
2022-06-01,Front Bumper Tractor,Tractor,788,1407.53,1109137.51,92.22,155.47,76.11,55.71,0,0,978.0150783417406,770675.8817332915,338461.62826670846,30.51574987006872
2022-07-01,Front Bumper Tractor,Tractor,833,1398.13,1164645.62,77.5,148.21,75.13,53.83,0,0,967.2146843615712,805689.8320731889,358955.78792681126,30.82103102974888
2022-08-01,Front Bumper Tractor,Tractor,591,1824.75,1078427.77,65.04,157.93,76.54,51.15,0,0,1257.0562885695103,742920.2665445806,335507.50345541944,31.110799701997603
2022-09-01,Front Bumper Tractor,Tractor,620,1813.85,1124589.83,77.92,154.88,77.82,48.97,0,0,1245.394502126488,772144.5913184226,352445.2386815775,31.339892045936203
2022-10-01,Front Bumper Tractor,Tractor,1100,1832.77,2016048.22,66.98,157.82,77.37,52.75,1,1,1267.339854349662,1394073.839784628,621974.380215372,30.851165862261563
2022-11-01,Front Bumper Tractor,Tractor,1170,1916.62,2242441.62,81.25,160.08,75.76,55.92,1,1,1331.951458642837,1558383.2066121192,684058.4133878809,30.50507122624137
2022-12-01,Front Bumper Tractor,Tractor,889,1914.64,1702110.94,102.91,159.15,75.14,55.53,0,0,1328.9497142297876,1181436.2959502812,520674.64404971874,30.589935815213003
2023-01-01,Front Bumper Tractor,Tractor,1145,1955.13,2238626.08,115.3,158.17,76.42,63.63,0,0,1379.795378606118,1579865.708504005,658760.371495995,29.42699441328741
2023-02-01,Front Bumper Tractor,Tractor,1034,1783.24,1843872.21,123.33,169.87,80.44,64.65,0,0,1264.66166829163,1307660.1650135454,536212.0449864545,29.080759614379918
2023-03-01,Front Bumper Tractor,Tractor,1281,1786.1,2287990.58,130.41,166.3,79.33,65.22,0,0,1267.0422819310747,1623081.1631537068,664909.4168462933,29.060845908128403
2023-04-01,Front Bumper Tractor,Tractor,1382,1785.23,2467189.47,127.59,166.4,79.79,65.05,1,0,1266.4392592304603,1750219.056256496,716970.4137435041,29.060208892003097
2023-05-01,Front Bumper Tractor,Tractor,1425,2009.91,2864120.05,117.68,167.5,78.69,63.58,1,0,1420.681204199952,2024470.7159849314,839649.3340150684,29.316136172960643
2023-06-01,Front Bumper Tractor,Tractor,1042,1986.77,2070209.97,102.37,166.09,78.67,58.95,0,0,1391.8473595822882,1450304.9486847443,619905.0213152557,29.94406510926308
2023-07-01,Front Bumper Tractor,Tractor,882,1993.98,1758688.71,86.43,173.45,80.12,60.4,0,0,1402.3105714349242,1236837.9240056032,521850.7859943968,29.67272053474414
2023-08-01,Front Bumper Tractor,Tractor,723,1727.44,1248937.61,68.76,170.86,79.75,57.09,0,0,1206.7863889846835,872506.5592359261,376431.05076407397,30.140100494217155
2023-09-01,Front Bumper Tractor,Tractor,791,1715.07,1356618.14,55.56,178.28,80.47,54.61,0,0,1193.0240439553338,943682.018768669,412936.1212313309,30.438640694523734
2023-10-01,Front Bumper Tractor,Tractor,1122,1722.13,1932232.74,67.61,176.3,81.03,56.03,1,1,1201.745950052637,1348358.9559590586,583873.7840409414,30.217570169157852
2023-11-01,Front Bumper Tractor,Tractor,1266,1955.93,2476210.46,82.18,179.77,80.2,58.59,1,1,1370.8378517338356,1735480.7202950357,740729.7397049642,29.913844225703023
2023-12-01,Front Bumper Tractor,Tractor,1010,1972.67,1992396.64,96.86,187.36,83.12,61.93,0,0,1394.4748315379443,1408419.5798533238,583977.0601466761,29.310281317613352
2024-01-01,Front Bumper Tractor,Tractor,1273,2001.25,2547595.44,112.04,183.08,82.88,67.65,0,0,1429.9311539802127,1820302.3590168108,727293.0809831892,28.548217254745484
2024-02-01,Front Bumper Tractor,Tractor,1188,1775.78,2109631.8,129.35,191.54,80.21,70.16,0,0,1272.4099822773896,1511623.058945539,598008.7410544609,28.34659304313013
2024-03-01,Front Bumper Tractor,Tractor,1404,1767.54,2481619.45,127.97,184.71,81.8,68.51,0,0,1264.0111795224677,1774671.6960495447,706947.7539504555,28.487355462597435
2024-04-01,Front Bumper Tractor,Tractor,1624,1760.65,2859301.14,132.82,187.02,83.37,67.13,1,0,1257.2246768507623,2041732.875205638,817568.2647943622,28.593289925186482
2024-05-01,Front Bumper Tractor,Tractor,1516,1544.65,2341687.03,117.08,195.03,82.67,67.53,1,0,1103.2628351522624,1672546.4580908297,669140.5719091701,28.57514959670636
2024-06-01,Front Bumper Tractor,Tractor,1038,1543.32,1601969.74,93.46,191.54,82.51,67.26,0,0,1101.6207556116033,1143482.3443248442,458487.3956751558,28.62022822448293
2024-07-01,Front Bumper Tractor,Tractor,1022,1533.26,1566993.3,87.21,199.02,83.09,65.25,0,0,1090.726839784192,1114722.8302594442,452270.46974055585,28.862310371113637
2024-08-01,Front Bumper Tractor,Tractor,915,1437.14,1314985.71,70.37,196.61,83.33,61.23,0,0,1014.7040998078113,928454.2513241473,386531.4586758526,29.39434670174877
2024-09-01,Front Bumper Tractor,Tractor,974,1438.99,1401579.11,80.79,197.18,85.36,61.6,0,0,1018.2435923809736,991769.2589790683,409809.85102093185,29.23915233161058
2024-10-01,Front Bumper Tractor,Tractor,1208,1446.62,1747515.7,81.83,200.9,83.47,63.12,1,1,1025.2049393385294,1238447.5667209434,509068.1332790565,29.130961929501208
2024-11-01,Front Bumper Tractor,Tractor,1272,1875.85,2386077.13,95.07,203.01,84.4,65.17,1,1,1335.5066404990205,1698764.446714754,687312.6832852459,28.805132685934844
2024-12-01,Front Bumper Tractor,Tractor,1016,1903.44,1933895.38,95.14,202.57,87.09,70.69,0,0,1372.028681466822,1393981.1403702912,539914.2396297087,27.918482313645566
2025-01-01,Front Bumper Tractor,Tractor,1273,1908.35,2429327.68,111.01,205.77,87.07,71.67,0,0,1378.0807471865794,1754296.7911685156,675030.8888314846,27.786736815656116
2025-02-01,Front Bumper Tractor,Tractor,1485,2036.71,3024513.13,129.53,207.37,85.82,74.14,0,0,1476.2682154140891,2192258.299889922,832254.8301100777,27.516985191929976
2025-03-01,Front Bumper Tractor,Tractor,1429,2048.93,2927927.1,137.28,215.2,87.47,76.59,0,0,1493.6738019200227,2134459.8629437126,793467.2370562875,27.099965605574244
2025-04-01,Front Bumper Tractor,Tractor,1572,2035.03,3199071.88,127.78,213.27,86.38,73.81,1,0,1474.7310430627897,2318277.199694705,880794.6803052947,27.532819309620976
2025-05-01,Front Bumper Tractor,Tractor,1521,1554.48,2364359.51,106.31,207.56,87.92,73.5,1,0,1127.0762260868037,1714282.9398780284,650076.5701219714,27.494827557843415
2025-06-01,Front Bumper Tractor,Tractor,1210,1547.46,1872428.87,98.34,214.24,87.4,72.09,0,0,1118.6150163369944,1353524.1697677632,518904.7002322369,27.712919221985548
2025-07-01,Front Bumper Tractor,Tractor,1026,1533.06,1572914.84,86.51,212.02,85.89,69.21,0,0,1101.028110873015,1129654.8417557136,443259.9982442865,28.18080082735353
2025-08-01,Front Bumper Tractor,Tractor,1082,2081.73,2252436.85,75.19,218.36,87.55,64.55,0,0,1483.7293075827324,1605395.1108045166,647041.7391954835,28.726298772615245
2025-09-01,Front Bumper Tractor,Tractor,1079,2093.86,2259278.87,72.0,218.65,87.66,66.97,0,0,1499.3560407762593,1617805.1679975837,641473.7020024164,28.392851830744398
2025-10-01,Front Bumper Tractor,Tractor,1526,2096.43,3199147.25,74.13,223.33,91.35,67.49,1,1,1506.6774397002503,2299189.772982582,899957.477017418,28.131167673429786
2025-11-01,Front Bumper Tractor,Tractor,1553,1361.81,2114893.39,87.83,218.92,90.28,70.36,1,1,983.2538723517628,1526993.2637622876,587900.1262377126,27.7980974841343
2025-12-01,Front Bumper Tractor,Tractor,1356,1380.97,1872590.49,103.37,226.62,87.69,74.19,0,0,1002.3986979011156,1359252.6343539127,513337.8556460873,27.413246963893712
2020-02-01,Linkage Pins,Tractor,369,1291.41,476530.81,139.78,99.35,64.52,52.48,0,0,883.9323413226957,326171.03394807474,150359.77605192526,31.5530020088156
2020-03-01,Linkage Pins,Tractor,378,1287.87,486813.98,137.27,103.35,64.26,51.77,0,0,880.0976929032241,332676.9279174187,154137.05208258127,31.66241283427836
2020-04-01,Linkage Pins,Tractor,165,1270.46,209626.55,122.92,99.38,64.32,48.29,1,0,862.2523665959428,142271.64048833057,67354.90951166942,32.13090589511177
2020-05-01,Linkage Pins,Tractor,161,1218.93,196248.24,120.27,102.55,70.0,50.19,1,0,833.999902068563,134273.98423303865,61974.255766961345,31.57952181734794
2020-06-01,Linkage Pins,Tractor,344,1202.45,413643.58,91.23,106.83,64.55,46.89,0,0,813.9579098308755,280001.5209818212,133642.05901817884,32.308505554027654
2020-07-01,Linkage Pins,Tractor,362,1175.32,425465.76,86.16,107.56,70.2,41.46,0,0,790.388409662583,286120.60429785505,139345.15570214496,32.751203223061935
2020-08-01,Linkage Pins,Tractor,432,1950.05,842420.89,82.29,108.69,65.68,46.81,0,0,1320.9499871501687,570650.3944488729,271770.4955511271,32.26065483147351
2020-09-01,Linkage Pins,Tractor,362,1935.65,700703.74,67.03,108.64,67.11,43.93,0,0,1305.0792226762123,472438.6786087889,228265.06139121111,32.576543888749775
2020-10-01,Linkage Pins,Tractor,845,1941.64,1640686.93,78.1,116.26,69.73,45.13,1,1,1314.9067165606039,1111096.1754937102,529590.7545062897,32.27859897112057
2020-11-01,Linkage Pins,Tractor,1007,1917.18,1930605.14,88.16,111.62,68.06,47.24,1,1,1302.1626672324426,1311277.8059030697,619327.3340969302,32.0794408584725
2020-12-01,Linkage Pins,Tractor,924,1924.46,1778200.7,101.79,116.24,68.21,48.69,0,0,1311.0356190435446,1211396.9119962351,566803.7880037648,31.875130180961285
2021-01-01,Linkage Pins,Tractor,1083,1956.48,2118866.28,113.2,123.87,64.78,55.1,0,0,1346.3582845799326,1458106.022200067,660760.2577999327,31.18461339617585
2021-02-01,Linkage Pins,Tractor,913,1537.48,1403718.85,130.49,115.56,70.73,54.9,0,0,1062.3415006200323,969917.7900660895,433801.0599339106,30.903699835184984
2021-03-01,Linkage Pins,Tractor,1180,1564.42,1846020.28,136.49,127.4,70.03,60.28,0,0,1091.7869333339468,1288308.5813340573,557711.6986659428,30.211569434434534
2021-04-01,Linkage Pins,Tractor,1236,1540.02,1903462.43,126.71,130.34,71.42,55.4,1,0,1065.6894129240486,1317192.114374124,586270.315625876,30.800204216579992
2021-05-01,Linkage Pins,Tractor,1180,1942.98,2292712.91,103.14,125.69,68.47,59.2,1,0,1351.5678231429024,1594850.031308625,697862.8786913753,30.438301963038857
2021-06-01,Linkage Pins,Tractor,881,1911.94,1684416.13,91.59,123.52,69.29,52.99,0,0,1314.7088031831092,1158258.4556043192,526157.6743956807,31.236798616721906
2021-07-01,Linkage Pins,Tractor,696,1871.66,1302677.6,80.98,127.58,69.37,44.93,0,0,1266.6595006916298,881595.0124813743,421082.5875186258,32.3243899732847
2021-08-01,Linkage Pins,Tractor,848,1278.76,1084391.35,68.67,134.45,71.05,45.35,0,0,867.2496126260519,735427.671506892,348963.67849310813,32.180603293553396
2021-09-01,Linkage Pins,Tractor,639,1296.38,828387.91,66.68,133.91,71.73,48.88,0,0,885.8529581868623,566060.0402814051,262327.86971859494,31.6672740574636
2021-10-01,Linkage Pins,Tractor,1077,1289.98,1389307.1,77.11,134.49,71.38,47.6,1,1,879.0098840215247,946693.6450911821,442613.454908818,31.858575753972463
2021-11-01,Linkage Pins,Tractor,1336,2048.31,2736548.12,90.97,138.09,70.1,51.66,1,1,1405.6507280873948,1877949.3727247594,858598.7472752407,31.37524756097622
2021-12-01,Linkage Pins,Tractor,954,2063.71,1968783.3,107.1,137.89,71.45,54.74,0,0,1426.2689381830573,1360660.5670266368,608122.7329733633,30.888251285622104
2022-01-01,Linkage Pins,Tractor,1271,2091.48,2658264.79,118.16,142.01,70.78,60.3,0,0,1460.483477504157,1856274.4999077835,801990.2900922166,30.16969163904159
2022-02-01,Linkage Pins,Tractor,1289,1427.33,1839822.35,122.92,142.04,73.83,60.47,0,0,999.2888919335841,1288083.3817023898,551738.9682976103,29.98870887168048
2022-03-01,Linkage Pins,Tractor,1247,1438.84,1794234.74,140.05,139.75,71.86,62.77,0,0,1010.3612798383934,1259920.5159584766,534314.2240415234,29.779504996181462
2022-04-01,Linkage Pins,Tractor,1221,1417.37,1730611.82,121.78,146.78,75.14,58.47,1,0,989.4381902807709,1208104.0303328212,522507.7896671789,30.192084881702634
2022-05-01,Linkage Pins,Tractor,1299,2065.24,2682745.13,110.65,152.22,74.96,61.45,1,0,1449.8454507788654,1883349.240561746,799395.8894382538,29.79768299638117
2022-06-01,Linkage Pins,Tractor,1010,2039.64,2060032.54,102.05,152.31,76.45,56.33,0,0,1419.3050182800584,1433498.0684628591,626534.4715371409,30.413814314658396
2022-07-01,Linkage Pins,Tractor,893,2029.18,1812056.0,82.63,150.81,73.72,54.24,0,0,1403.4152671202214,1253249.8335383576,558806.1664616424,30.83823935141311
2022-08-01,Linkage Pins,Tractor,808,1714.58,1385380.48,74.99,153.52,75.44,52.92,0,0,1184.2943923195432,956909.8689941909,428470.61100580904,30.928009827726825
2022-09-01,Linkage Pins,Tractor,916,1707.29,1563875.3,73.19,156.91,75.26,51.46,0,0,1175.7243865484538,1076963.5380783838,486911.7619216163,31.13494803080631
2022-10-01,Linkage Pins,Tractor,1245,1720.48,2141999.81,74.97,157.74,74.16,54.1,1,1,1189.9788339360018,1481523.6482503223,660476.1617496777,30.834557438624504
2022-11-01,Linkage Pins,Tractor,1424,1401.49,1995727.22,95.82,158.48,76.88,55.7,1,1,974.3579063214777,1387485.6586017841,608241.5613982158,30.477189232214602
2022-12-01,Linkage Pins,Tractor,1093,1408.96,1539994.43,98.24,164.52,77.74,57.19,0,0,983.0215322720585,1074442.53477336,465551.8952266399,30.230751888280526
2023-01-01,Linkage Pins,Tractor,1423,1430.66,2035829.31,117.46,164.47,76.34,61.53,0,0,1005.5329445948735,1430873.380158505,604955.9298414951,29.715454378711893
2023-02-01,Linkage Pins,Tractor,1349,1272.23,1716244.91,123.05,170.53,79.26,68.05,0,0,907.3374219306476,1223998.1821844436,492246.72781555634,28.681613267861422
2023-03-01,Linkage Pins,Tractor,1540,1268.32,1953214.7,129.16,166.21,74.9,67.26,0,0,900.3291847392239,1386506.9444984049,566707.7555015951,29.014104568309623
2023-04-01,Linkage Pins,Tractor,1673,1257.2,2103301.22,117.48,167.18,76.46,65.04,1,0,889.6712879524578,1488420.0647444618,614881.1552555384,29.23409873054409
2023-05-01,Linkage Pins,Tractor,1456,1235.78,1799289.67,119.94,173.57,80.62,63.16,1,0,874.0283954191343,1272585.3437302595,526704.3262697405,29.272903360232178
2023-06-01,Linkage Pins,Tractor,1144,1215.71,1390768.44,90.77,170.3,80.75,59.14,0,0,853.297096812675,976171.8787537002,414596.56124629977,29.81061040228234
2023-07-01,Linkage Pins,Tractor,1267,1200.37,1520866.0,88.2,175.01,80.38,56.07,0,0,837.3096960841966,1060871.384938677,459994.6150613229,30.245571606000983
2023-08-01,Linkage Pins,Tractor,970,1519.15,1473578.24,67.94,176.06,79.46,54.23,0,0,1055.1635754781967,1023508.6682138508,450069.5717861492,30.542631505345057
2023-09-01,Linkage Pins,Tractor,1073,1528.1,1639654.14,70.12,177.99,81.11,56.02,0,0,1066.3894932731762,1144235.926282118,495418.2137178818,30.214799672196836
2023-10-01,Linkage Pins,Tractor,1352,1520.71,2056001.93,70.64,184.6,80.34,54.54,1,1,1057.5783083929582,1429845.8729472796,626156.0570527203,30.455032552071597
2023-11-01,Linkage Pins,Tractor,1329,1266.54,1683229.22,81.59,183.52,79.77,59.11,1,1,888.2802419246456,1180524.4415178539,502704.7784821461,29.86549737308779
2023-12-01,Linkage Pins,Tractor,1362,1287.28,1753271.5,109.81,181.64,81.59,63.26,0,0,911.2734807006095,1241154.48071423,512117.0192857699,29.209225113496107
2024-01-01,Linkage Pins,Tractor,1477,1298.79,1918318.68,121.37,185.37,82.15,65.56,0,0,923.8433336761786,1364516.603839716,553802.076160284,28.869138477048246
2024-02-01,Linkage Pins,Tractor,1516,1484.15,2249969.79,126.79,183.66,81.78,68.63,0,0,1061.5778595424192,1609352.0350663075,640617.7549336925,28.472282507121683
2024-03-01,Linkage Pins,Tractor,1567,1491.53,2337224.73,124.27,188.83,79.09,70.11,0,0,1067.7688640048632,1673193.8098956207,664030.9201043793,28.411085659887714
2024-04-01,Linkage Pins,Tractor,1728,1498.39,2589216.52,120.97,189.16,85.2,71.48,1,0,1080.1993663626106,1866584.5050745911,722632.0149254089,27.909292612014113
2024-05-01,Linkage Pins,Tractor,1647,1611.6,2654299.11,117.86,196.0,84.24,68.52,1,0,1154.5522264521526,1901547.5169666952,752751.5930333047,28.359712369918427
2024-06-01,Linkage Pins,Tractor,1423,1622.13,2308296.6,106.33,195.28,82.7,70.63,0,0,1165.4377334274088,1658417.8946672028,649878.7053327973,28.154038147991777
2024-07-01,Linkage Pins,Tractor,1248,1579.2,1970845.33,94.88,199.45,84.25,62.04,0,0,1117.4910732298724,1394628.8593908807,576216.4706091194,29.237021385595963
2024-08-01,Linkage Pins,Tractor,1130,1464.69,1655102.83,72.91,193.56,84.88,64.54,0,0,1041.8966861726055,1177343.2553750442,477759.5746249559,28.86585449346104
2024-09-01,Linkage Pins,Tractor,1223,1453.19,1777247.54,80.82,195.91,83.46,62.24,0,0,1028.1217345119207,1257392.881308079,519854.65869192104,29.25054878353755
2024-10-01,Linkage Pins,Tractor,1441,1460.55,2104656.15,88.84,200.51,83.2,63.71,1,1,1036.0397928857983,1492933.3415484354,611722.8084515645,29.065213738194934
2024-11-01,Linkage Pins,Tractor,1609,1392.91,2241192.93,87.82,201.09,85.27,66.98,1,1,995.7202864410235,1602113.940883607,639078.9891163933,28.515126054604913
2024-12-01,Linkage Pins,Tractor,1446,1406.57,2033906.81,105.66,203.58,87.38,69.71,0,0,1012.2216565442466,1463672.5153629805,570234.2946370195,28.03640224976775
2025-01-01,Linkage Pins,Tractor,1593,1411.91,2249165.38,122.9,209.06,90.07,70.78,0,0,1020.0766199120959,1624982.0555199687,624183.3244800312,27.751775393236365
2025-02-01,Linkage Pins,Tractor,1650,1917.37,3163666.75,133.82,203.37,87.98,75.07,0,0,1394.3258352237422,2300637.6281191744,863029.1218808256,27.279394135960295
2025-03-01,Linkage Pins,Tractor,1776,1912.74,3397034.01,123.18,214.23,88.42,74.15,0,0,1389.0115281246165,2466884.4739493188,930149.536050681,27.381225307505268
2025-04-01,Linkage Pins,Tractor,1942,1910.26,3709733.71,128.45,212.38,85.87,73.65,1,0,1383.395348726637,2686553.767227129,1023179.9427728709,27.5809538570053
2025-05-01,Linkage Pins,Tractor,1658,1356.72,2249436.76,120.86,215.03,86.49,74.74,1,0,984.9641196177115,1633070.5103261657,616366.2496738341,27.400914781611114
2025-06-01,Linkage Pins,Tractor,1574,1335.13,2101497.06,94.22,216.16,87.96,70.43,0,0,962.5133808426187,1514996.0614462818,586500.9985537182,27.908723248640577
2025-07-01,Linkage Pins,Tractor,1379,1307.44,1802961.16,78.77,220.32,86.69,64.89,0,0,931.8828336376788,1285066.427586359,517894.73241364094,28.724674934963158
2025-08-01,Linkage Pins,Tractor,1348,1755.36,2366220.03,63.54,219.56,87.71,68.67,0,0,1261.0519756051563,1699898.0631157507,666321.9668842491,28.15976360762398
2025-09-01,Linkage Pins,Tractor,1176,1755.05,2063933.43,63.04,218.37,86.49,68.61,0,0,1259.5781980233169,1481263.9608754206,582669.4691245793,28.231020470683465
2025-10-01,Linkage Pins,Tractor,1731,1756.72,3040886.17,76.54,215.94,89.86,68.94,1,1,1264.626633828412,2189068.703156981,851817.4668430188,28.01214577667071
2025-11-01,Linkage Pins,Tractor,1725,1525.78,2631977.0,84.19,228.95,92.61,68.96,1,1,1100.591196243729,1898519.8135204324,733457.1864795676,27.867157899919626
2025-12-01,Linkage Pins,Tractor,1669,1526.02,2546924.03,103.66,225.76,89.62,69.0,0,0,1098.4848334686835,1833371.1870592327,713552.8429407671,28.016259399019734
2020-02-01,Tractor Front Axle Bracket,Tractor,521,1386.87,722557.47,124.94,97.45,64.13,51.37,0,0,946.9071992714838,493338.65082044306,229218.81917955691,31.723264750076822
2020-03-01,Tractor Front Axle Bracket,Tractor,431,1393.87,600756.1,131.97,106.43,66.77,52.77,0,0,956.2342167877466,412136.9474355188,188619.1525644812,31.396960024955415
2020-04-01,Tractor Front Axle Bracket,Tractor,221,1388.17,306786.47,131.97,103.85,66.17,51.63,1,0,949.7496086473749,209894.66351106984,96891.80648893013,31.582816050828495
2020-05-01,Tractor Front Axle Bracket,Tractor,165,1845.32,304477.0,120.61,107.3,66.76,49.66,1,0,1258.1603836089814,207596.46329548192,96880.53670451808,31.81867159244149
2020-06-01,Tractor Front Axle Bracket,Tractor,398,1833.39,729688.11,95.91,100.92,67.28,47.28,0,0,1244.6108702670688,495355.12636629335,234332.98363370664,32.114129368739015
2020-07-01,Tractor Front Axle Bracket,Tractor,601,1828.67,1099027.96,92.29,114.04,65.62,46.33,0,0,1237.482563560041,743727.0206995846,355300.93930041534,32.32865334021305
2020-08-01,Tractor Front Axle Bracket,Tractor,560,1162.06,650753.08,74.92,108.29,70.42,41.61,0,0,781.8396226580239,437830.1886884934,212922.89131150657,32.71945963152515
2020-09-01,Tractor Front Axle Bracket,Tractor,529,1188.12,628517.64,66.56,111.87,67.62,46.82,0,0,806.0333844546293,426391.6603764989,202125.97962350113,32.15915779603276
2020-10-01,Tractor Front Axle Bracket,Tractor,1180,1154.81,1362675.08,72.49,114.6,69.44,40.16,1,1,774.1083124647681,913447.8087084264,449227.27129157365,32.96657272778288
2020-11-01,Tractor Front Axle Bracket,Tractor,1299,1453.96,1888692.71,80.91,117.86,67.41,40.99,1,1,974.7449471525206,1266193.6863511242,622499.0236488758,32.9592537924751
2020-12-01,Tractor Front Axle Bracket,Tractor,1212,1492.78,1809252.42,96.42,112.4,68.38,48.76,0,0,1017.2271220354854,1232879.2719070083,576373.1480929917,31.856978148631782
2021-01-01,Tractor Front Axle Bracket,Tractor,1297,1523.21,1975603.81,118.15,116.73,71.63,54.84,0,0,1053.067400531422,1365828.4184892543,609775.3915107457,30.865267035030964
2021-02-01,Tractor Front Axle Bracket,Tractor,1515,1689.87,2560150.4,124.85,118.72,68.64,57.17,0,0,1171.003667281461,1774070.5559314135,786079.8440685864,30.7044400230778
2021-03-01,Tractor Front Axle Bracket,Tractor,1383,1690.12,2337432.33,137.72,124.47,69.62,57.22,0,0,1172.1488142433843,1621081.8100986006,716350.5199013995,30.646898766108855
2021-04-01,Tractor Front Axle Bracket,Tractor,1591,1684.95,2680761.44,134.42,130.22,70.54,56.19,1,0,1167.0155429894342,1856721.7288961897,824039.7111038102,30.73901686320176
2021-05-01,Tractor Front Axle Bracket,Tractor,1490,1845.86,2750329.8,117.64,124.93,66.91,48.57,1,0,1255.9472465210974,1871361.3973164351,878968.4026835647,31.958654656018513
2021-06-01,Tractor Front Axle Bracket,Tractor,1001,1856.22,1858071.67,94.44,128.65,70.91,50.64,0,0,1272.043543140557,1273315.5866836975,584756.0833163024,31.471126370292403
2021-07-01,Tractor Front Axle Bracket,Tractor,1004,1850.55,1857949.98,84.2,133.3,72.12,49.51,0,0,1266.4853542601847,1271551.2956772256,586398.6843227744,31.56159695552054
2021-08-01,Tractor Front Axle Bracket,Tractor,933,1298.23,1211252.59,76.0,130.68,71.83,47.25,0,0,884.3186590981556,825069.3089385792,386183.2810614209,31.88296844520439
2021-09-01,Tractor Front Axle Bracket,Tractor,998,1294.33,1291746.05,65.54,136.86,70.61,46.47,0,0,879.4774206990577,877718.4658576596,414027.58414234046,32.05177860945195
2021-10-01,Tractor Front Axle Bracket,Tractor,1438,1296.18,1863900.55,79.82,135.28,70.92,46.84,1,1,881.5919471091695,1267729.2199429858,596171.3300570142,31.985146957385375
2021-11-01,Tractor Front Axle Bracket,Tractor,1496,1548.31,2316274.8,95.17,133.86,70.71,50.06,1,1,1059.660386355863,1585251.9379883711,731022.8620116287,31.560282139736994
2021-12-01,Tractor Front Axle Bracket,Tractor,1373,1561.71,2144227.11,100.33,141.15,70.36,52.74,0,0,1074.2162380306784,1474898.8948161213,669328.2151838786,31.215360166949786
2022-01-01,Tractor Front Axle Bracket,Tractor,1462,1588.66,2322627.21,108.73,142.28,71.02,58.13,0,0,1104.8924434257533,1615352.7522884514,707274.4577115485,30.451484192831295
2022-02-01,Tractor Front Axle Bracket,Tractor,1592,1782.88,2838342.15,117.91,146.69,72.3,58.18,0,0,1241.2720838346345,1976105.157464738,862236.9925352619,30.37819075248775
2022-03-01,Tractor Front Axle Bracket,Tractor,1753,1799.39,3154336.08,135.74,148.04,70.32,61.48,0,0,1258.963473632599,2206962.9692779463,947373.1107220538,30.033994054370194
2022-04-01,Tractor Front Axle Bracket,Tractor,1837,1806.48,3318510.5,119.29,148.45,73.75,62.9,1,0,1270.6056578112305,2334102.5933992304,984407.9066007696,29.664149219981965
2022-05-01,Tractor Front Axle Bracket,Tractor,1804,1870.77,3374865.87,110.58,148.0,74.24,58.55,1,0,1305.2788670833397,2354723.0762183447,1020142.7937816554,30.227654463247017
2022-06-01,Tractor Front Axle Bracket,Tractor,1350,1859.57,2510419.68,96.45,150.62,76.9,56.31,0,0,1294.3842550649229,1747418.7443376458,763000.9356623543,30.39336178492491
2022-07-01,Tractor Front Axle Bracket,Tractor,1245,1838.91,2289442.53,84.71,150.31,76.05,52.18,0,0,1268.9095050454205,1579792.3337815485,709650.1962184513,30.996637256426407
2022-08-01,Tractor Front Axle Bracket,Tractor,1188,1838.97,2184695.38,79.83,151.69,73.33,51.99,0,0,1265.8882245139985,1503875.2107226301,680820.1692773697,31.163162402868714
2022-09-01,Tractor Front Axle Bracket,Tractor,1405,1834.2,2577044.26,72.56,158.45,75.73,51.04,0,0,1262.5239506346045,1773846.1506416192,803198.1093583805,31.16741616841228
2022-10-01,Tractor Front Axle Bracket,Tractor,1565,1853.5,2900733.28,75.51,155.34,75.56,54.9,1,1,1285.3341937815405,2011548.013268111,889185.2667318888,30.65380994738988
2022-11-01,Tractor Front Axle Bracket,Tractor,1744,1760.73,3070718.31,77.81,162.16,75.55,58.95,1,1,1230.6493061470983,2146252.389920539,924465.9200794608,30.105852336532323
2022-12-01,Tractor Front Axle Bracket,Tractor,1642,1768.57,2903989.59,94.29,162.81,76.97,60.51,0,0,1241.1653680908978,2037993.5344052543,865996.0555947456,29.820907711819505
2023-01-01,Tractor Front Axle Bracket,Tractor,1640,1783.89,2925577.95,105.85,164.14,75.57,63.58,0,0,1258.0402692128525,2063186.0415090781,862391.9084909221,29.477659567776072
2023-02-01,Tractor Front Axle Bracket,Tractor,1876,1910.88,3584805.97,126.12,160.95,76.96,64.78,0,0,1352.0768842602542,2536496.234872237,1048309.7351277634,29.243137394344476
2023-03-01,Tractor Front Axle Bracket,Tractor,1850,1908.64,3530987.63,126.03,166.0,76.21,64.33,0,0,1348.587745788865,2494887.3297094004,1036100.3002905995,29.343073634347437
2023-04-01,Tractor Front Axle Bracket,Tractor,2028,1914.04,3881670.82,126.94,169.12,79.08,65.41,1,0,1358.0464557263242,2754118.2122129854,1127552.6077870145,29.048125409743385
2023-05-01,Tractor Front Axle Bracket,Tractor,1900,2000.11,3800208.79,114.77,173.65,80.8,61.22,1,0,1409.5467625769677,2678138.8488962385,1122069.9411037616,29.526534017194393
2023-06-01,Tractor Front Axle Bracket,Tractor,1639,1986.43,3255755.31,96.98,172.83,78.21,58.49,0,0,1389.898700541774,2278043.9701879676,977711.3398120324,30.030246339735907
2023-07-01,Tractor Front Axle Bracket,Tractor,1560,1972.72,3077444.19,83.82,174.66,78.71,55.74,0,0,1373.4699273549866,2142613.086673779,934831.103326221,30.376866178886612
2023-08-01,Tractor Front Axle Bracket,Tractor,1369,1410.44,1930891.58,77.7,173.9,79.8,58.69,0,0,988.4233365624771,1353151.5477540311,577740.0322459689,29.920894483675198
2023-09-01,Tractor Front Axle Bracket,Tractor,1314,1394.08,1831824.3,68.49,176.68,79.5,55.42,0,0,970.5685261514229,1275327.0433629698,556497.2566370303,30.379401378015906
2023-10-01,Tractor Front Axle Bracket,Tractor,1821,1419.23,2584422.2,82.1,178.23,82.23,60.45,1,1,999.7512889963285,1820547.0972623143,763875.1027376859,29.556900677361686
2023-11-01,Tractor Front Axle Bracket,Tractor,1890,1461.96,2763110.03,82.84,182.21,80.71,58.19,1,1,1024.2269108689457,1935788.8615423073,827321.1684576925,29.941665712736476
2023-12-01,Tractor Front Axle Bracket,Tractor,1684,1477.93,2488841.51,98.41,180.77,81.8,61.39,0,0,1042.6537998079536,1755828.998876594,733012.5111234058,29.451956188379626
2024-01-01,Tractor Front Axle Bracket,Tractor,1840,1499.06,2758263.66,112.03,183.59,82.1,65.61,0,0,1066.3602437265065,1962102.848456772,796160.8115432281,28.86456516427541
2024-02-01,Tractor Front Axle Bracket,Tractor,2020,2012.18,4064606.55,123.47,190.73,82.31,69.84,0,0,1443.114643406263,2915091.5796806514,1149514.9703193484,28.281088370517644
2024-03-01,Tractor Front Axle Bracket,Tractor,2068,2018.73,4174727.39,127.03,184.56,83.4,71.15,0,0,1452.5326412471595,3003837.502099126,1170889.887900874,28.047098134014302
2024-04-01,Tractor Front Axle Bracket,Tractor,2226,1991.21,4432435.35,121.15,190.45,79.94,65.64,1,0,1414.3067079267312,3148246.7318449034,1284188.6181550962,28.972529021886274
2024-05-01,Tractor Front Axle Bracket,Tractor,2064,1520.12,3137537.3,120.5,192.56,82.75,68.02,1,0,1086.8139895301565,2243184.074390243,894353.225609757,28.5049432116634
2024-06-01,Tractor Front Axle Bracket,Tractor,1868,1517.85,2835339.15,97.97,193.4,84.01,67.57,0,0,1085.256166291936,2027258.5186333365,808080.6313666634,28.500316491826506
2024-07-01,Tractor Front Axle Bracket,Tractor,1823,1488.24,2713052.74,95.28,197.11,86.9,61.65,0,0,1054.3806527713812,1922135.930002228,790916.8099977723,29.152282900249567
2024-08-01,Tractor Front Axle Bracket,Tractor,1601,2023.83,3240156.68,72.12,196.35,83.72,60.97,0,0,1428.6372637882562,2287248.259324998,952908.420675002,29.409331547355976
2024-09-01,Tractor Front Axle Bracket,Tractor,1508,2013.46,3036302.47,67.1,201.4,81.83,58.89,0,0,1413.675509678683,2131822.668595454,904479.801404546,29.7888570174152
2024-10-01,Tractor Front Axle Bracket,Tractor,1959,2028.33,3973500.47,78.77,205.93,84.44,61.87,1,1,1435.0419981499865,2811247.274375824,1162253.1956241764,29.2501084220125
2024-11-01,Tractor Front Axle Bracket,Tractor,2106,1960.75,4129343.66,90.81,199.82,85.31,66.75,1,1,1401.0700198896277,2950653.461887556,1178690.198112444,28.544250495064
2024-12-01,Tractor Front Axle Bracket,Tractor,1873,1976.76,3702462.26,97.41,205.12,85.19,69.95,0,0,1420.953530963686,2661445.963494984,1041016.2965050158,28.11686449182107
2025-01-01,Tractor Front Axle Bracket,Tractor,2100,1984.22,4166871.79,110.58,205.15,85.12,71.44,0,0,1430.247800774402,3003520.381626244,1163351.4083737559,27.919059356845626
2025-02-01,Tractor Front Axle Bracket,Tractor,2233,1852.87,4137454.16,128.88,211.6,84.78,74.97,0,0,1344.100518149012,3001376.457026744,1136077.7029732564,27.458375586528703
2025-03-01,Tractor Front Axle Bracket,Tractor,2267,1869.79,4238815.72,126.63,211.07,86.57,78.36,0,0,1366.6910200665873,3098288.542490953,1140527.1775090466,26.906741242080855
2025-04-01,Tractor Front Axle Bracket,Tractor,2388,1851.14,4420515.62,137.44,211.92,86.54,74.63,1,0,1343.6798836509702,3208707.5621585166,1211808.0578414835,27.413273971000773
2025-05-01,Tractor Front Axle Bracket,Tractor,2239,2018.52,4519467.03,103.96,212.74,83.95,74.1,1,0,1461.020107448948,3271224.0205781944,1248243.0094218059,27.619252472382914
2025-06-01,Tractor Front Axle Bracket,Tractor,1971,2002.21,3946358.24,112.42,213.09,89.14,70.84,0,0,1445.7552209207288,2849583.5404347563,1096774.699565244,27.792071395050133
2025-07-01,Tractor Front Axle Bracket,Tractor,1797,1983.08,3563588.45,88.88,209.85,85.59,67.02,0,0,1418.0386491676295,2548215.45255423,1015372.9974457701,28.49299271485095
2025-08-01,Tractor Front Axle Bracket,Tractor,1805,1794.33,3238757.36,71.12,221.36,88.3,68.87,0,0,1290.0820952385939,2328598.1819056617,910159.1780943382,28.10211068402908
2025-09-01,Tractor Front Axle Bracket,Tractor,1673,1771.92,2964415.35,74.96,226.3,88.36,64.38,0,0,1263.250866828129,2113418.7002034597,850996.6497965404,28.707065283430687
2025-10-01,Tractor Front Axle Bracket,Tractor,2027,1790.11,3628545.85,65.0,217.65,89.2,68.02,1,1,1285.8215139829465,2606360.2088434324,1022185.6411565677,28.170669006609568
2025-11-01,Tractor Front Axle Bracket,Tractor,2331,1587.12,3699581.86,89.48,222.75,89.37,72.82,1,1,1150.4717349920375,2681749.6142664393,1017832.2457335605,27.512088777880443
2025-12-01,Tractor Front Axle Bracket,Tractor,2208,1584.93,3499528.06,95.84,219.37,88.17,72.39,0,0,1146.9767114280119,2532524.57883305,967003.48116695,27.63239684287458
2020-02-01,Tractor Linkage Balls,Tractor,310,1544.4,478763.18,128.7,98.15,63.2,54.48,0,0,1060.2240963356842,328669.4698640621,150093.7101359379,31.350303533353983
2020-03-01,Tractor Linkage Balls,Tractor,341,1524.31,519788.09,125.36,106.54,66.5,50.46,0,0,1040.7382919945246,354891.7575701329,164896.33242986712,31.72376120235212
2020-04-01,Tractor Linkage Balls,Tractor,132,1507.85,199035.93,123.66,102.2,66.06,47.17,1,0,1022.4385870731675,134961.8934936581,64074.03650634189,32.192195904700164
2020-05-01,Tractor Linkage Balls,Tractor,122,1325.92,161762.21,112.19,102.36,66.52,47.38,1,0,899.768842061778,109771.79873153691,51990.41126846308,32.14002285729348
2020-06-01,Tractor Linkage Balls,Tractor,301,1321.65,397817.7,101.11,104.9,66.61,46.53,0,0,895.4114772796662,269518.85466117953,128298.84533882048,32.25066288876047
2020-07-01,Tractor Linkage Balls,Tractor,373,1288.73,480697.34,84.48,107.42,69.62,39.95,0,0,863.6330270858855,322135.1191030353,158562.22089696472,32.985874416730645
2020-08-01,Tractor Linkage Balls,Tractor,244,1675.75,408883.1,77.92,107.5,68.8,42.95,0,0,1129.0882431573696,275497.53133039817,133385.5686696018,32.62193244709841
2020-09-01,Tractor Linkage Balls,Tractor,300,1697.78,509334.94,64.21,108.8,69.09,47.36,0,0,1154.325784268044,346297.7352804132,163037.20471958682,32.00982141919948
2020-10-01,Tractor Linkage Balls,Tractor,790,1660.19,1311547.17,75.11,117.05,66.29,39.84,1,1,1109.4548859811157,876469.3599250814,435077.81007491855,33.17286789425336
2020-11-01,Tractor Linkage Balls,Tractor,857,1130.69,969005.17,82.31,112.16,66.83,43.34,1,1,761.2812761140743,652418.0536297617,316587.11637023836,32.671354722517975
2020-12-01,Tractor Linkage Balls,Tractor,699,1149.93,803803.02,90.62,113.9,69.45,47.19,0,0,781.7904846154598,546471.5487462064,257331.47125379357,32.01424538735791
2021-01-01,Tractor Linkage Balls,Tractor,825,1167.04,962805.23,121.52,120.43,69.75,50.61,0,0,799.0091561259181,659182.5538038824,303622.67619611754,31.535212599137786
2021-02-01,Tractor Linkage Balls,Tractor,980,1930.25,1891641.01,133.33,118.23,70.63,58.45,0,0,1342.9106102961898,1316052.398090266,575588.6119097341,30.428004513907958
2021-03-01,Tractor Linkage Balls,Tractor,1102,1922.61,2118720.58,121.58,124.48,68.58,56.92,0,0,1331.571362288643,1467391.6412420846,651328.9387579155,30.741615714041703
2021-04-01,Tractor Linkage Balls,Tractor,1197,1925.2,2304464.15,125.8,129.89,65.97,57.44,1,0,1332.11955833044,1594547.1113215366,709917.0386784633,30.806165445379712
2021-05-01,Tractor Linkage Balls,Tractor,1125,1915.8,2155278.69,113.5,127.28,67.27,53.56,1,0,1316.8384232179624,1481443.2261202077,673835.4638797923,31.264423807753243
2021-06-01,Tractor Linkage Balls,Tractor,807,1911.08,1542242.28,92.91,129.37,70.8,52.62,0,0,1314.6538108609516,1060925.6253647879,481316.65463521215,31.2088872725764
2021-07-01,Tractor Linkage Balls,Tractor,571,1890.95,1079730.98,86.8,126.2,72.29,48.59,0,0,1291.9449706207306,737700.5782244372,342030.4017755628,31.677372244664387
2021-08-01,Tractor Linkage Balls,Tractor,532,1331.53,708372.42,71.95,128.2,70.78,48.51,0,0,908.5499077254494,483348.5509099391,225023.86909006094,31.766322733183333
2021-09-01,Tractor Linkage Balls,Tractor,510,1334.74,680716.04,65.69,133.43,71.1,49.15,0,0,912.1181328745729,465180.2477660322,215535.79223396786,31.663098791379714
2021-10-01,Tractor Linkage Balls,Tractor,926,1325.13,1227068.41,60.74,137.04,71.41,47.23,1,1,902.3181847963446,835546.6391214151,391521.7708785848,31.907085838725557
2021-11-01,Tractor Linkage Balls,Tractor,1129,1638.57,1849944.89,84.17,138.44,69.32,48.51,1,1,1116.815644009035,1260884.8620862004,589060.0279137995,31.842031138224858
2021-12-01,Tractor Linkage Balls,Tractor,811,1675.05,1358465.44,95.77,137.13,74.33,55.81,0,0,1162.5832726166793,942855.0340921269,415610.40590787306,30.594109623272647
2022-01-01,Tractor Linkage Balls,Tractor,1152,1685.38,1941558.02,114.58,145.11,70.91,57.88,0,0,1171.4933836230557,1349560.3779337602,591997.6420662398,30.490855074536473
2022-02-01,Tractor Linkage Balls,Tractor,1042,1493.67,1556401.38,135.81,137.38,72.26,60.13,0,0,1043.8324680298936,1087673.431687149,468727.9483128509,30.116135486390466
2022-03-01,Tractor Linkage Balls,Tractor,1332,1503.87,2003152.94,126.66,149.21,71.65,62.17,0,0,1054.6402708291246,1404780.8407443939,598372.0992556061,29.871513418022193
2022-04-01,Tractor Linkage Balls,Tractor,1237,1490.95,1844300.21,121.03,145.1,74.25,59.59,1,0,1042.377337499574,1289420.766486973,554879.4435130269,30.086177971699463
2022-05-01,Tractor Linkage Balls,Tractor,1370,1521.81,2084873.89,115.34,145.41,75.16,56.96,1,0,1059.2495768516624,1451171.9202867774,633701.9697132225,30.39521827928031
2022-06-01,Tractor Linkage Balls,Tractor,1078,1524.77,1643704.07,102.41,153.18,73.54,57.55,0,0,1061.2493642286047,1144026.8146384358,499677.2553615642,30.399465723873533
2022-07-01,Tractor Linkage Balls,Tractor,847,1505.13,1274845.4,86.98,150.32,74.37,53.63,0,0,1040.2365481682154,881080.3562984784,393765.04370152147,30.88727807320962
2022-08-01,Tractor Linkage Balls,Tractor,798,1367.83,1091524.72,74.33,155.5,75.28,52.17,0,0,943.2847474653291,752741.2284773326,338783.49152266735,31.03763802277124
2022-09-01,Tractor Linkage Balls,Tractor,754,1366.26,1030162.21,64.68,157.65,77.68,51.85,0,0,943.3075150648544,711253.8663589002,318908.34364109975,30.95709981839654
2022-10-01,Tractor Linkage Balls,Tractor,1124,1383.27,1554795.81,74.89,153.95,77.77,55.25,1,1,961.4851992155503,1080709.3639182786,474086.44608172146,30.491878292476326
2022-11-01,Tractor Linkage Balls,Tractor,1285,1317.7,1693244.21,80.23,157.15,74.85,56.74,1,1,916.5756031217334,1177799.6500114275,515444.5599885725,30.441241549473393
2022-12-01,Tractor Linkage Balls,Tractor,927,1357.61,1258505.35,95.2,164.51,77.85,64.72,0,0,961.1161356188587,890954.6577186821,367550.692281318,29.205334111715775
2023-01-01,Tractor Linkage Balls,Tractor,1181,1353.11,1598017.15,118.6,163.95,77.34,63.82,0,0,955.9239622596107,1128946.1994286003,469070.95057139965,29.35331141917968
2023-02-01,Tractor Linkage Balls,Tractor,1253,2049.7,2568275.42,116.3,162.26,79.65,66.94,0,0,1459.1514109545553,1828316.7179260578,739958.7020739422,28.811501146319507
2023-03-01,Tractor Linkage Balls,Tractor,1397,2041.77,2852346.22,132.52,163.39,78.67,65.35,0,0,1448.0739554632437,2022959.3157821514,829386.9042178488,29.07735738398015
2023-04-01,Tractor Linkage Balls,Tractor,1501,2026.83,3042275.27,128.35,168.18,77.03,62.37,1,0,1427.5779454764292,2142794.4961601202,899480.7738398798,29.56605481133467
2023-05-01,Tractor Linkage Balls,Tractor,1477,2090.73,3088010.88,119.28,170.84,76.78,63.95,1,0,1476.7881325196565,2181216.071731533,906794.808268467,29.365013385848787
2023-06-01,Tractor Linkage Balls,Tractor,1176,2065.73,2429297.75,94.26,176.17,77.72,58.95,0,0,1446.1474594632034,1700669.4123287273,728628.3376712727,29.99337309192637
2023-07-01,Tractor Linkage Balls,Tractor,1026,2044.98,2098150.63,82.75,175.06,78.26,54.8,0,0,1420.7000413494825,1457638.242424569,640512.3875754308,30.527473977186798
2023-08-01,Tractor Linkage Balls,Tractor,862,2066.97,1781730.47,66.26,174.07,78.6,56.99,0,0,1442.4709358585264,1243409.9467100499,538320.5232899501,30.213353386157788
2023-09-01,Tractor Linkage Balls,Tractor,830,2064.65,1713659.69,69.36,173.94,77.8,56.53,0,0,1438.7106478290798,1194129.8376981362,519529.8523018637,30.31697923068166
2023-10-01,Tractor Linkage Balls,Tractor,1235,2072.59,2559651.47,73.82,177.6,77.72,58.12,1,1,1448.620332387905,1789046.1104990626,770605.3595009376,30.105870605146784
2023-11-01,Tractor Linkage Balls,Tractor,1380,1834.6,2531753.25,85.4,178.32,80.25,63.12,1,1,1297.1041902503946,1790003.7825455444,741749.4674544556,29.297857816691085
2023-12-01,Tractor Linkage Balls,Tractor,1349,1829.48,2467973.91,96.35,183.45,81.17,62.1,0,0,1291.8285276397726,1742676.6837860532,725297.2262139469,29.388366841120572
2024-01-01,Tractor Linkage Balls,Tractor,1416,1846.38,2614477.1,118.17,178.52,81.73,65.48,0,0,1312.7485122886844,1858851.8934007771,755625.206599223,28.901580610487006
2024-02-01,Tractor Linkage Balls,Tractor,1380,1767.64,2439340.87,122.02,186.06,82.56,71.13,0,0,1271.0498108654317,1754048.7389942957,685292.1310057044,28.09333207317206
2024-03-01,Tractor Linkage Balls,Tractor,1564,1766.84,2763335.5,128.33,183.55,81.64,70.97,0,0,1269.2502188960948,1985107.3423534923,778228.1576465077,28.162637423016772
2024-04-01,Tractor Linkage Balls,Tractor,1706,1758.35,2999747.67,136.65,190.68,84.98,69.27,1,0,1262.1436048080614,2153216.989802553,846530.6801974471,28.220062929407895
2024-05-01,Tractor Linkage Balls,Tractor,1570,1691.19,2655173.72,112.04,189.76,82.45,67.84,1,0,1208.4460604807837,1897260.3149548303,757913.4050451699,28.544776537076068
2024-06-01,Tractor Linkage Balls,Tractor,1287,1670.76,2150263.13,95.37,193.42,78.34,63.75,0,0,1181.0389265131569,1519997.0984224328,630266.0315775671,29.311111872041778
2024-07-01,Tractor Linkage Balls,Tractor,1178,1663.6,1959720.28,78.76,200.3,81.4,62.32,0,0,1175.3914100223042,1384611.0810062743,575109.1989937257,29.34649423507143
2024-08-01,Tractor Linkage Balls,Tractor,1009,1998.12,2016104.66,81.23,192.89,85.64,61.42,0,0,1413.6921042987042,1426415.3332373926,589689.3267626073,29.248944187381987
2024-09-01,Tractor Linkage Balls,Tractor,1125,2002.08,2252338.18,72.31,200.03,85.64,62.22,0,0,1418.6628385403692,1595995.6933579154,656342.4866420848,29.140494641088253
2024-10-01,Tractor Linkage Balls,Tractor,1500,2006.69,3010034.71,68.85,201.41,85.32,63.14,1,1,1424.097107494717,2136145.6612420753,873889.0487579247,29.032523972387175
2024-11-01,Tractor Linkage Balls,Tractor,1493,1516.17,2263640.64,87.23,199.17,85.84,63.03,1,1,1076.1697801852886,1606721.481816636,656919.1581833642,29.02047023609561
2024-12-01,Tractor Linkage Balls,Tractor,1326,1537.35,2038532.34,97.57,205.02,86.63,67.27,0,0,1100.6592193104548,1459474.124805663,579058.2151943371,28.40564281625952
2025-01-01,Tractor Linkage Balls,Tractor,1560,1562.62,2437687.42,113.22,209.06,87.83,72.32,0,0,1130.4083116971883,1763436.9662476138,674250.4537523862,27.65943033633025
2025-02-01,Tractor Linkage Balls,Tractor,1515,1358.88,2058702.42,122.83,210.63,86.83,72.78,0,0,983.1646311619035,1489494.4162102838,569208.0037897162,27.648872331423025
2025-03-01,Tractor Linkage Balls,Tractor,1770,1369.82,2424587.04,123.9,211.44,86.05,74.96,0,0,994.5706577974752,1760390.064301531,664196.975698469,27.39423104804144
2025-04-01,Tractor Linkage Balls,Tractor,1919,1370.19,2629396.15,130.11,214.04,88.66,75.04,1,0,996.8391248515967,1912934.280590214,716461.8694097858,27.24815237178262
2025-05-01,Tractor Linkage Balls,Tractor,1829,1632.97,2986702.06,113.45,214.37,86.85,73.39,1,0,1182.8376144431513,2163409.996816524,823292.0631834762,27.56525581207374
2025-06-01,Tractor Linkage Balls,Tractor,1494,1621.49,2422510.76,105.62,221.63,86.89,71.1,0,0,1169.5272126907369,1747273.6557599609,675237.1042400389,27.873440869259085
2025-07-01,Tractor Linkage Balls,Tractor,1349,1606.56,2167243.67,93.38,219.67,88.49,68.11,0,0,1153.584327384054,1556185.2576410887,611058.4123589112,28.195187316381055
2025-08-01,Tractor Linkage Balls,Tractor,1245,1649.68,2053854.35,66.82,217.65,89.43,65.74,0,0,1180.0546580644493,1469168.0492902393,584686.3007097607,28.46775871471902
2025-09-01,Tractor Linkage Balls,Tractor,1324,1643.36,2175805.63,64.12,224.06,87.73,64.47,0,0,1171.2611919213316,1550749.8181038431,625055.8118961568,28.72755742874683
2025-10-01,Tractor Linkage Balls,Tractor,1547,1655.97,2561791.17,63.83,227.11,88.35,66.99,1,1,1186.431334529865,1835409.274517701,726381.8954822989,28.354453867615558
2025-11-01,Tractor Linkage Balls,Tractor,1720,1442.93,2481834.21,84.76,228.01,90.31,70.59,1,1,1042.2959609078316,1792749.0527614704,689085.1572385295,27.765156691853704
2025-12-01,Tractor Linkage Balls,Tractor,1430,1466.43,2096990.98,95.77,225.86,85.65,75.29,0,0,1065.0669203819234,1523045.6961461506,573945.2838538494,27.36994528483138
2020-02-01,Tractor Linkage Ends,Tractor,312,1698.74,530006.37,128.98,101.42,65.08,54.75,0,0,1168.4523090517996,364557.1204241615,165449.2495758385,31.216464356048874
2020-03-01,Tractor Linkage Ends,Tractor,292,1684.09,491755.73,125.51,106.38,65.9,51.82,0,0,1152.4082510022645,336503.2092926612,155252.52070733876,31.571064908046676
2020-04-01,Tractor Linkage Ends,Tractor,163,1667.89,271865.99,124.81,100.64,64.96,48.58,1,0,1133.1929737862274,184710.45472715507,87155.53527284492,32.05827079468268
2020-05-01,Tractor Linkage Ends,Tractor,128,1338.29,171300.86,111.22,102.77,64.06,47.66,1,0,906.9662150557868,116091.67552714072,55209.18447285927,32.22936795113537
2020-06-01,Tractor Linkage Ends,Tractor,267,1324.02,353512.23,99.75,110.05,65.53,44.8,0,0,893.1749723425395,238477.71761545804,115034.51238454194,32.54046186309932
2020-07-01,Tractor Linkage Ends,Tractor,208,1315.31,273584.11,78.4,114.49,68.52,43.06,0,0,886.2359491275988,184337.07741854055,89247.03258145944,32.62142402256456
2020-08-01,Tractor Linkage Ends,Tractor,208,1917.07,398751.59,80.79,110.46,68.96,39.01,0,0,1281.6151306659835,266575.94717852457,132175.64282147546,33.14736445852804
2020-09-01,Tractor Linkage Ends,Tractor,200,1934.12,386824.92,71.3,113.51,69.72,42.42,0,0,1302.7060035241832,260541.20070483664,126283.71929516335,32.64622126598342
2020-10-01,Tractor Linkage Ends,Tractor,782,1947.62,1523041.74,66.02,110.29,68.6,45.12,1,1,1317.7907329722725,1030512.3531843171,492529.38681568287,32.33853504341141
2020-11-01,Tractor Linkage Ends,Tractor,800,1415.47,1132379.19,80.86,115.29,68.51,49.69,1,1,966.4235898460487,773138.871876839,359240.318123161,31.724383607152035
2020-12-01,Tractor Linkage Ends,Tractor,592,1425.97,844173.02,107.76,116.31,72.31,51.79,0,0,980.4530164163014,580428.1857184503,263744.8342815497,31.242983136507924
2021-01-01,Tractor Linkage Ends,Tractor,786,1437.03,1129502.85,120.75,121.38,69.2,54.01,0,0,990.0640739682035,778190.362139008,351312.4878609921,31.103284764707944
2021-02-01,Tractor Linkage Ends,Tractor,848,1425.49,1208817.82,127.18,124.07,72.28,55.5,0,0,987.2626783672464,837198.7512554249,371619.06874457514,30.742355266120676
2021-03-01,Tractor Linkage Ends,Tractor,818,1415.2,1157632.77,137.51,123.62,71.99,53.44,0,0,975.975640327525,798348.0737879154,359284.6962120846,31.03615460126311
2021-04-01,Tractor Linkage Ends,Tractor,1109,1406.31,1559593.73,125.7,126.35,69.85,51.66,1,0,964.8968475601234,1070070.6039441768,489523.1260558232,31.387861892457288
2021-05-01,Tractor Linkage Ends,Tractor,982,1354.6,1330218.38,108.48,129.01,70.8,52.12,1,0,930.9276412558485,914170.9437132432,416047.43628675665,31.276626645826127
2021-06-01,Tractor Linkage Ends,Tractor,713,1351.76,963805.22,94.7,128.93,72.21,51.55,0,0,928.9191916145912,662319.3836212036,301485.8363787964,31.280784760513786
2021-07-01,Tractor Linkage Ends,Tractor,586,1324.98,776440.6,88.08,129.01,69.03,46.2,0,0,898.7353843569733,526658.9352331863,249781.66476681363,32.17009321341692
2021-08-01,Tractor Linkage Ends,Tractor,396,1915.83,758670.4,71.58,125.96,72.07,44.57,0,0,1298.2957800303002,514125.1288919989,244545.27110800112,32.2334008428431
2021-09-01,Tractor Linkage Ends,Tractor,403,1919.8,773677.93,72.57,137.81,72.93,45.36,0,0,1303.8947035866752,525469.56554543,248208.36445457,32.08161365732249
2021-10-01,Tractor Linkage Ends,Tractor,815,1955.76,1593944.93,76.92,134.36,70.16,52.55,1,1,1344.5563053305916,1095813.388844432,498131.54115556786,31.25149004712276
2021-11-01,Tractor Linkage Ends,Tractor,934,1892.12,1767240.68,81.87,131.22,73.63,48.42,1,1,1293.6213364471691,1208242.328241656,558998.3517583439,31.631138762511053
2021-12-01,Tractor Linkage Ends,Tractor,750,1921.94,1441452.5,104.84,136.09,70.21,54.39,0,0,1326.1442894945437,994608.2171209079,446844.28287909215,30.99958429980122
2022-01-01,Tractor Linkage Ends,Tractor,907,1938.07,1757826.67,116.3,137.53,70.71,57.61,0,0,1346.2267693708086,1221027.6798193234,536798.9901806766,30.537651939293685
2022-02-01,Tractor Linkage Ends,Tractor,989,1693.71,1675083.16,115.43,147.23,71.44,64.94,0,0,1193.9413122769433,1180807.957841897,494275.202158103,29.507502311592877
2022-03-01,Tractor Linkage Ends,Tractor,1035,1672.1,1730619.99,137.62,146.62,72.19,60.62,0,0,1169.5749755225131,1210510.099665801,520109.89033419895,30.05338510704473
2022-04-01,Tractor Linkage Ends,Tractor,1279,1658.0,2120575.72,119.07,149.58,76.96,57.8,1,0,1157.4751135215797,1480410.6701941004,640165.0498058998,30.18826650556481
2022-05-01,Tractor Linkage Ends,Tractor,1172,1224.36,1434950.03,111.75,147.14,73.56,57.07,1,0,851.378960686853,997816.1419249917,437133.8880750083,30.463352655911528
2022-06-01,Tractor Linkage Ends,Tractor,864,1219.91,1054004.05,95.85,150.92,76.16,56.18,0,0,848.4562975391317,733066.2410738098,320937.80892619025,30.44939048632595
2022-07-01,Tractor Linkage Ends,Tractor,804,1224.83,984764.23,89.08,153.9,75.58,57.17,0,0,853.1525121909533,685934.6198015264,298829.61019847356,30.345294954354056
2022-08-01,Tractor Linkage Ends,Tractor,741,1161.18,860432.78,73.59,151.27,76.46,52.24,0,0,801.5939162195752,593981.0919187053,266451.68808129476,30.967170739507942
2022-09-01,Tractor Linkage Ends,Tractor,795,1159.68,921943.55,62.38,158.19,74.14,51.94,0,0,798.6944507746693,634962.0883658621,286981.4616341379,31.12787780055925
2022-10-01,Tractor Linkage Ends,Tractor,1018,1157.0,1177825.54,65.96,157.15,75.59,51.4,1,1,796.8711113858473,811214.7913907925,366610.74860920757,31.1260654620554
2022-11-01,Tractor Linkage Ends,Tractor,968,2016.34,1951815.65,90.53,161.71,75.46,60.07,1,1,1412.27030700498,1367077.6571808206,584737.9928191793,29.95866914066292
2022-12-01,Tractor Linkage Ends,Tractor,894,2015.84,1802160.62,94.84,162.55,77.87,59.97,0,0,1414.1621718662773,1264260.9816484519,537899.6383515482,29.847485977778614
2023-01-01,Tractor Linkage Ends,Tractor,1116,2030.97,2266565.78,118.34,162.43,78.12,62.99,0,0,1433.3451916266733,1599613.2338553674,666952.5461446324,29.425686738490885
2023-02-01,Tractor Linkage Ends,Tractor,1086,1802.51,1957531.03,129.17,163.47,78.29,65.9,0,0,1279.3727655689265,1389398.8234078542,568132.2065921458,29.022896591945507
2023-03-01,Tractor Linkage Ends,Tractor,1079,1797.92,1939954.87,134.36,165.62,79.75,64.98,0,0,1275.2338601902886,1375977.3351453214,563977.5348546787,29.07168324254258
2023-04-01,Tractor Linkage Ends,Tractor,1515,1800.16,2727249.89,120.94,162.79,77.77,65.43,1,0,1276.0744285830167,1933252.7593032704,793997.1306967298,29.113471912056056
2023-05-01,Tractor Linkage Ends,Tractor,1324,1392.89,1844184.57,116.63,169.54,79.89,59.18,1,0,977.1136274415949,1293698.4427326715,550486.1272673286,29.849839122519526
2023-06-01,Tractor Linkage Ends,Tractor,956,1393.25,1331948.85,103.85,172.5,79.85,59.25,0,0,977.4693893327529,934460.7362021118,397488.1137978883,29.84259596739681
2023-07-01,Tractor Linkage Ends,Tractor,820,1389.82,1139652.85,87.55,177.54,80.8,58.56,0,0,974.4478612226262,799047.2462025535,340605.6037974466,29.88678559417866
2023-08-01,Tractor Linkage Ends,Tractor,803,1832.12,1471189.91,76.04,172.33,78.47,59.62,0,0,1284.9787096959737,1031837.9038858669,439352.00611413305,29.863718010010892
2023-09-01,Tractor Linkage Ends,Tractor,912,1821.76,1661443.38,67.97,178.18,76.68,57.55,0,0,1270.9176349853967,1159076.8831066818,502366.49689331814,30.236750944429907
2023-10-01,Tractor Linkage Ends,Tractor,1079,1795.29,1937117.83,69.35,188.72,80.67,52.26,1,1,1243.2986362114643,1341519.22847217,595598.6015278301,30.74663772661832
2023-11-01,Tractor Linkage Ends,Tractor,1144,1237.68,1415901.28,91.65,187.0,81.83,63.14,1,1,876.1139822826469,1002274.3957313481,413626.88426865195,29.21297481054978
2023-12-01,Tractor Linkage Ends,Tractor,974,1241.8,1209512.89,96.6,184.76,81.02,63.96,0,0,879.8886293688648,857011.5250052743,352501.36499472556,29.14407675264425
2024-01-01,Tractor Linkage Ends,Tractor,1250,1263.26,1579072.08,127.23,184.99,81.61,68.25,0,0,902.8191464044291,1128523.9330055364,450548.14699446363,28.53246236830833
2024-02-01,Tractor Linkage Ends,Tractor,1411,1315.8,1856595.22,127.1,184.03,82.51,73.16,0,0,949.7301701175211,1340069.2700358222,516525.9499641778,27.821139707780667
2024-03-01,Tractor Linkage Ends,Tractor,1547,1310.81,2027824.2,130.92,188.5,82.01,72.16,0,0,944.0140288666806,1460389.702656755,567434.497343245,27.982430495860783
2024-04-01,Tractor Linkage Ends,Tractor,1505,1311.69,1974094.54,128.6,188.24,82.3,72.34,1,0,945.164445131783,1422472.4899233335,551622.0500766665,27.94304117150674
2024-05-01,Tractor Linkage Ends,Tractor,1547,1776.28,2747907.33,119.26,184.84,82.51,69.66,1,0,1273.680540492046,1970383.796141195,777523.533858805,28.295114808649856
2024-06-01,Tractor Linkage Ends,Tractor,1144,1755.09,2007823.97,95.91,192.27,83.32,65.42,0,0,1249.144764017659,1429021.610036202,578802.359963798,28.827345853620724
2024-07-01,Tractor Linkage Ends,Tractor,952,1753.06,1668912.05,79.03,196.23,82.47,65.01,0,0,1245.9551937471545,1186149.344447291,482762.70555270906,28.926791292130044
2024-08-01,Tractor Linkage Ends,Tractor,793,1570.79,1245633.1,70.74,198.54,83.92,65.96,0,0,1119.610089034486,887850.8006043474,357782.2993956527,28.722928075341986
2024-09-01,Tractor Linkage Ends,Tractor,911,1545.76,1408186.22,82.87,199.18,84.27,60.95,0,0,1091.562213026539,994413.176067177,413773.043932823,29.383403846461658
2024-10-01,Tractor Linkage Ends,Tractor,1219,1551.69,1891512.19,73.3,199.08,83.78,62.14,1,1,1097.8567195744172,1338287.3411612145,553224.8488387854,29.24775487906242
2024-11-01,Tractor Linkage Ends,Tractor,1180,1352.04,1595407.12,81.44,202.92,84.57,67.81,1,1,967.534132469141,1141690.2763135864,453716.8436864137,28.438938124233378
2024-12-01,Tractor Linkage Ends,Tractor,1153,1351.01,1557718.71,105.46,209.18,85.27,67.6,0,0,966.9024365788068,1114838.5093753643,442880.2006246357,28.43133344817022
2025-01-01,Tractor Linkage Ends,Tractor,1445,1368.06,1976841.4,115.55,205.65,86.42,71.01,0,0,986.2369089874805,1425112.3334869093,551729.0665130906,27.9096272727337
2025-02-01,Tractor Linkage Ends,Tractor,1480,1696.76,2511198.18,126.61,207.23,87.54,70.95,0,0,1224.0432775746951,1811584.0508105487,699614.1291894515,27.85977366348089
2025-03-01,Tractor Linkage Ends,Tractor,1527,1700.19,2596194.84,142.86,210.25,87.57,71.64,0,0,1228.132752747211,1875358.7134449913,720836.1265550086,27.765101272407144
2025-04-01,Tractor Linkage Ends,Tractor,1690,1717.11,2901917.2,130.87,214.19,87.64,75.02,1,0,1248.2767557485633,2109587.717215072,792329.4827849283,27.30365576195379
2025-05-01,Tractor Linkage Ends,Tractor,1635,1881.84,3076808.8,106.53,210.7,87.4,71.77,1,0,1359.5133596721926,2222804.343064035,854004.456935965,27.75617571478491
2025-06-01,Tractor Linkage Ends,Tractor,1266,1885.24,2386714.18,102.33,216.18,85.52,72.45,0,0,1361.8708526894193,1724128.4995048048,662585.6804951953,27.76141718382028
2025-07-01,Tractor Linkage Ends,Tractor,1035,1848.92,1913627.43,82.39,220.15,86.69,65.18,0,0,1318.5508732882925,1364700.1538533827,548927.2761466173,28.685169722228387
2025-08-01,Tractor Linkage Ends,Tractor,1164,2076.2,2416696.73,77.05,214.96,90.73,62.04,0,0,1476.1487112616492,1718237.0999085596,698459.6300914404,28.901418263243993
2025-09-01,Tractor Linkage Ends,Tractor,1185,2108.46,2498525.62,74.86,220.51,87.95,68.49,0,0,1514.4673037350565,1794643.754926042,703881.8650739582,28.171889030858054
2025-10-01,Tractor Linkage Ends,Tractor,1409,2088.13,2942181.88,77.38,220.53,88.17,64.43,1,1,1488.6217329723759,2097468.0217580777,844713.8582419222,28.710456820634157
2025-11-01,Tractor Linkage Ends,Tractor,1458,2128.18,3102880.49,76.85,225.86,92.16,71.04,1,1,1540.6192901468555,2246222.9250341156,856657.5649658847,27.60846148366754
2025-12-01,Tractor Linkage Ends,Tractor,1282,2147.11,2752599.84,102.63,224.73,88.53,74.82,0,0,1561.2789283308493,2001559.586120149,751040.253879851,27.28475977386713
